<?xml version="1.0" encoding="UTF-8"?>

<Library xmlns="http://hl7.org/fhir">
  <id value="emcaredt01"/>
  <text>
    <status value="generated"/><div xmlns="http://www.w3.org/1999/xhtml"><h2>Parameters</h2><table class="grid"><tr><td>emcaredt01</td><td>out</td><td/><td/><td>boolean</td></tr><tr><td>register a child &lt; 5 years</td><td>out</td><td/><td/><td>boolean</td></tr><tr><td>emcaredt02</td><td>out</td><td/><td/><td>boolean</td></tr><tr><td>register the child in the encounter</td><td>out</td><td/><td/><td>boolean</td></tr><tr><td>emcaredt04</td><td>out</td><td/><td/><td>boolean</td></tr><tr><td>evaluate dangersigns</td><td>out</td><td/><td/><td>boolean</td></tr><tr><td>emcaredt03</td><td>out</td><td/><td/><td>boolean</td></tr><tr><td>determine basic anthropometric and others measurement</td><td>out</td><td/><td/><td>boolean</td></tr><tr><td>emcaredt05</td><td>out</td><td/><td/><td>boolean</td></tr><tr><td>assess sick child for symptoms 2 m</td><td>out</td><td/><td/><td>boolean</td></tr><tr><td>emcaredt06</td><td>out</td><td/><td/><td>boolean</td></tr><tr><td>assess sick child for symptoms 2p</td><td>out</td><td/><td/><td>boolean</td></tr><tr><td>emcaredt07</td><td>out</td><td/><td/><td>boolean</td></tr><tr><td>assess sick child for signs 2 m</td><td>out</td><td/><td/><td>boolean</td></tr><tr><td>emcaredt08</td><td>out</td><td/><td/><td>boolean</td></tr><tr><td>assess sick child for signs 2p</td><td>out</td><td/><td/><td>boolean</td></tr><tr><td>emcaredt09</td><td>out</td><td/><td/><td>boolean</td></tr><tr><td>propose classification</td><td>out</td><td/><td/><td>boolean</td></tr><tr><td>emcaredt10</td><td>out</td><td/><td/><td>boolean</td></tr><tr><td>do test</td><td>out</td><td/><td/><td>boolean</td></tr><tr><td>emcaredt11</td><td>out</td><td/><td/><td>boolean</td></tr><tr><td>provide treatment</td><td>out</td><td/><td/><td>boolean</td></tr><tr><td>emcaredt12</td><td>out</td><td/><td/><td>boolean</td></tr><tr><td>propose classification 2m</td><td>out</td><td/><td/><td>boolean</td></tr></table><h2>Contents</h2></div>
  </text>
  <url value="https://fhir.dk.swisstph-mis.ch/matchbox/fhir/Library/emcaredt01"/>
  <identifier>
    <use value="official"/>
    <value value="emcaredt01"/>
  </identifier>
  <version value="0.1.0"/>
  <name value="emcaredt01"/>
  <title value="emcaredt01"/>
  <status value="active"/>
  <type>
    <coding>
      <system value="http://hl7.org/fhir/ValueSet/library-type"/>
      <code value="logic-library"/>
    </coding>
  </type>
  <date value="2023-04-11T17:43:16+00:00"/>
  <publisher value="World Health Organization (WHO)"/>
  <contact>
    <telecom>
      <system value="url"/>
      <value value="https://www.who.int"/>
    </telecom>
  </contact>
  <jurisdiction>
    <coding>
      <system value="http://unstats.un.org/unsd/methods/m49/m49.htm"/>
      <code value="001"/>
    </coding>
  </jurisdiction>
  <parameter>
    <name value="emcaredt01"/>
    <use value="out"/>
    <type value="boolean"/>
  </parameter>
  <parameter>
    <name value="register a child &lt; 5 years"/>
    <use value="out"/>
    <type value="boolean"/>
  </parameter>
  <parameter>
    <name value="emcaredt02"/>
    <use value="out"/>
    <type value="boolean"/>
  </parameter>
  <parameter>
    <name value="register the child in the encounter"/>
    <use value="out"/>
    <type value="boolean"/>
  </parameter>
  <parameter>
    <name value="emcaredt04"/>
    <use value="out"/>
    <type value="boolean"/>
  </parameter>
  <parameter>
    <name value="evaluate dangersigns"/>
    <use value="out"/>
    <type value="boolean"/>
  </parameter>
  <parameter>
    <name value="emcaredt03"/>
    <use value="out"/>
    <type value="boolean"/>
  </parameter>
  <parameter>
    <name value="determine basic anthropometric and others measurement"/>
    <use value="out"/>
    <type value="boolean"/>
  </parameter>
  <parameter>
    <name value="emcaredt05"/>
    <use value="out"/>
    <type value="boolean"/>
  </parameter>
  <parameter>
    <name value="assess sick child for symptoms 2 m"/>
    <use value="out"/>
    <type value="boolean"/>
  </parameter>
  <parameter>
    <name value="emcaredt06"/>
    <use value="out"/>
    <type value="boolean"/>
  </parameter>
  <parameter>
    <name value="assess sick child for symptoms 2p"/>
    <use value="out"/>
    <type value="boolean"/>
  </parameter>
  <parameter>
    <name value="emcaredt07"/>
    <use value="out"/>
    <type value="boolean"/>
  </parameter>
  <parameter>
    <name value="assess sick child for signs 2 m"/>
    <use value="out"/>
    <type value="boolean"/>
  </parameter>
  <parameter>
    <name value="emcaredt08"/>
    <use value="out"/>
    <type value="boolean"/>
  </parameter>
  <parameter>
    <name value="assess sick child for signs 2p"/>
    <use value="out"/>
    <type value="boolean"/>
  </parameter>
  <parameter>
    <name value="emcaredt09"/>
    <use value="out"/>
    <type value="boolean"/>
  </parameter>
  <parameter>
    <name value="propose classification"/>
    <use value="out"/>
    <type value="boolean"/>
  </parameter>
  <parameter>
    <name value="emcaredt10"/>
    <use value="out"/>
    <type value="boolean"/>
  </parameter>
  <parameter>
    <name value="do test"/>
    <use value="out"/>
    <type value="boolean"/>
  </parameter>
  <parameter>
    <name value="emcaredt11"/>
    <use value="out"/>
    <type value="boolean"/>
  </parameter>
  <parameter>
    <name value="provide treatment"/>
    <use value="out"/>
    <type value="boolean"/>
  </parameter>
  <parameter>
    <name value="emcaredt12"/>
    <use value="out"/>
    <type value="boolean"/>
  </parameter>
  <parameter>
    <name value="propose classification 2m"/>
    <use value="out"/>
    <type value="boolean"/>
  </parameter>
</Library>