<?xml version="1.0" encoding="UTF-8"?>

<Library xmlns="http://hl7.org/fhir">
  <id value="emcareb1016signs2mp"/>
  <text>
    <status value="generated"/><div xmlns="http://www.w3.org/1999/xhtml"><h2>Parameters</h2><table class="grid"><tr><td>danger signs</td><td>out</td><td/><td/><td>boolean</td></tr><tr><td>variable to check whether patient has been assessed with or not</td><td>out</td><td/><td/><td>boolean</td></tr><tr><td>ageinmonths</td><td>out</td><td/><td/><td>integer</td></tr><tr><td>age</td><td>out</td><td/><td/><td>integer</td></tr><tr><td>cough</td><td>out</td><td/><td/><td>boolean</td></tr><tr><td>the client is reported to have or has had a cough</td><td>out</td><td/><td/><td>boolean</td></tr><tr><td>difficulty breathing</td><td>out</td><td/><td/><td>boolean</td></tr><tr><td>the client is reported to have or has had difficulty breathing</td><td>out</td><td/><td/><td>boolean</td></tr><tr><td>oral fluid test failed</td><td>out</td><td/><td/><td>boolean</td></tr><tr><td>oral fluid test results</td><td>out</td><td/><td/><td>boolean</td></tr><tr><td>diarrhoea</td><td>out</td><td/><td/><td>boolean</td></tr><tr><td>the client is reported to have or has had diarrhoea</td><td>out</td><td/><td/><td>boolean</td></tr><tr><td>not able to drink or breastfeed</td><td>out</td><td/><td/><td>boolean</td></tr><tr><td>the client has reported not to have been able to drink or breastfeed or currently is not able to drink or breastfeed.</td><td>out</td><td/><td/><td>boolean</td></tr><tr><td>unconscious or lethargic</td><td>out</td><td/><td/><td>boolean</td></tr><tr><td>the client is unconscious or lethargic</td><td>out</td><td/><td/><td>boolean</td></tr><tr><td>fever</td><td>out</td><td/><td/><td>boolean</td></tr><tr><td>the client is reported to have or has had fever</td><td>out</td><td/><td/><td>boolean</td></tr><tr><td>ear problem</td><td>out</td><td/><td/><td>boolean</td></tr><tr><td>the client is reported to have had or has an ear problem</td><td>out</td><td/><td/><td>boolean</td></tr><tr><td>eye problem</td><td>out</td><td/><td/><td>boolean</td></tr><tr><td>the client is reported to have an eye problem</td><td>out</td><td/><td/><td>boolean</td></tr><tr><td>skin problem</td><td>out</td><td/><td/><td>boolean</td></tr><tr><td>the client is reported to have or has had a skin problem</td><td>out</td><td/><td/><td>boolean</td></tr><tr><td>ear discharge</td><td>out</td><td/><td/><td>boolean</td></tr><tr><td>the client is reported to have or has had ear discharge</td><td>out</td><td/><td/><td>boolean</td></tr><tr><td>ear discharge for how long?</td><td>out</td><td/><td/><td>code</td></tr><tr><td>the length of time client has or has had ear discharge</td><td>out</td><td/><td/><td>code</td></tr><tr><td>itchy skin</td><td>out</td><td/><td/><td>boolean</td></tr><tr><td>the client is reported to have itchy skin</td><td>out</td><td/><td/><td>boolean</td></tr><tr><td>respiratory rate profile</td><td>out</td><td/><td/><td>Quantity</td></tr><tr><td>force-collection</td><td>out</td><td/><td/><td>boolean</td></tr><tr><td>respiratory rate second count profile</td><td>out</td><td/><td/><td>Quantity</td></tr><tr><td>fast breathing profile</td><td>out</td><td/><td/><td>boolean</td></tr></table><h2>Contents</h2></div>
  </text>
  <url value="https://fhir.dk.swisstph-mis.ch/matchbox/fhir/Library/emcareb1016signs2mp"/>
  <identifier>
    <use value="official"/>
    <value value="emcare.b10-16.signs.2m.p"/>
  </identifier>
  <version value="0.1.0"/>
  <name value="emcareb1016signs2mp"/>
  <title value="EmCare.B10-16.Signs.2m.p"/>
  <status value="active"/>
  <type>
    <coding>
      <system value="http://hl7.org/fhir/ValueSet/library-type"/>
      <code value="logic-library"/>
    </coding>
  </type>
  <date value="2023-04-11T17:43:16+00:00"/>
  <publisher value="World Health Organization (WHO)"/>
  <contact>
    <telecom>
      <system value="url"/>
      <value value="https://www.who.int"/>
    </telecom>
  </contact>
  <jurisdiction>
    <coding>
      <system value="http://unstats.un.org/unsd/methods/m49/m49.htm"/>
      <code value="001"/>
    </coding>
  </jurisdiction>
  <parameter>
    <name value="danger signs"/>
    <use value="out"/>
    <type value="boolean"/>
  </parameter>
  <parameter>
    <name value="variable to check whether patient has been assessed with or not"/>
    <use value="out"/>
    <type value="boolean"/>
  </parameter>
  <parameter>
    <name value="ageinmonths"/>
    <use value="out"/>
    <type value="integer"/>
  </parameter>
  <parameter>
    <name value="age"/>
    <use value="out"/>
    <type value="integer"/>
  </parameter>
  <parameter>
    <name value="cough"/>
    <use value="out"/>
    <type value="boolean"/>
  </parameter>
  <parameter>
    <name value="the client is reported to have or has had a cough"/>
    <use value="out"/>
    <type value="boolean"/>
  </parameter>
  <parameter>
    <name value="difficulty breathing"/>
    <use value="out"/>
    <type value="boolean"/>
  </parameter>
  <parameter>
    <name value="the client is reported to have or has had difficulty breathing"/>
    <use value="out"/>
    <type value="boolean"/>
  </parameter>
  <parameter>
    <name value="oral fluid test failed"/>
    <use value="out"/>
    <type value="boolean"/>
  </parameter>
  <parameter>
    <name value="oral fluid test results"/>
    <use value="out"/>
    <type value="boolean"/>
  </parameter>
  <parameter>
    <name value="diarrhoea"/>
    <use value="out"/>
    <type value="boolean"/>
  </parameter>
  <parameter>
    <name value="the client is reported to have or has had diarrhoea"/>
    <use value="out"/>
    <type value="boolean"/>
  </parameter>
  <parameter>
    <name value="not able to drink or breastfeed"/>
    <use value="out"/>
    <type value="boolean"/>
  </parameter>
  <parameter>
    <name value="the client has reported not to have been able to drink or breastfeed or currently is not able to drink or breastfeed."/>
    <use value="out"/>
    <type value="boolean"/>
  </parameter>
  <parameter>
    <name value="unconscious or lethargic"/>
    <use value="out"/>
    <type value="boolean"/>
  </parameter>
  <parameter>
    <name value="the client is unconscious or lethargic"/>
    <use value="out"/>
    <type value="boolean"/>
  </parameter>
  <parameter>
    <name value="fever"/>
    <use value="out"/>
    <type value="boolean"/>
  </parameter>
  <parameter>
    <name value="the client is reported to have or has had fever"/>
    <use value="out"/>
    <type value="boolean"/>
  </parameter>
  <parameter>
    <name value="ear problem"/>
    <use value="out"/>
    <type value="boolean"/>
  </parameter>
  <parameter>
    <name value="the client is reported to have had or has an ear problem"/>
    <use value="out"/>
    <type value="boolean"/>
  </parameter>
  <parameter>
    <name value="eye problem"/>
    <use value="out"/>
    <type value="boolean"/>
  </parameter>
  <parameter>
    <name value="the client is reported to have an eye problem"/>
    <use value="out"/>
    <type value="boolean"/>
  </parameter>
  <parameter>
    <name value="skin problem"/>
    <use value="out"/>
    <type value="boolean"/>
  </parameter>
  <parameter>
    <name value="the client is reported to have or has had a skin problem"/>
    <use value="out"/>
    <type value="boolean"/>
  </parameter>
  <parameter>
    <name value="ear discharge"/>
    <use value="out"/>
    <type value="boolean"/>
  </parameter>
  <parameter>
    <name value="the client is reported to have or has had ear discharge"/>
    <use value="out"/>
    <type value="boolean"/>
  </parameter>
  <parameter>
    <name value="ear discharge for how long?"/>
    <use value="out"/>
    <type value="code"/>
  </parameter>
  <parameter>
    <name value="the length of time client has or has had ear discharge"/>
    <use value="out"/>
    <type value="code"/>
  </parameter>
  <parameter>
    <name value="itchy skin"/>
    <use value="out"/>
    <type value="boolean"/>
  </parameter>
  <parameter>
    <name value="the client is reported to have itchy skin"/>
    <use value="out"/>
    <type value="boolean"/>
  </parameter>
  <parameter>
    <name value="respiratory rate profile"/>
    <use value="out"/>
    <type value="Quantity"/>
  </parameter>
  <parameter>
    <name value="force-collection"/>
    <use value="out"/>
    <type value="boolean"/>
  </parameter>
  <parameter>
    <name value="respiratory rate second count profile"/>
    <use value="out"/>
    <type value="Quantity"/>
  </parameter>
  <parameter>
    <name value="fast breathing profile"/>
    <use value="out"/>
    <type value="boolean"/>
  </parameter>
</Library>