<?xml version="1.0" encoding="UTF-8"?>

<Library xmlns="http://hl7.org/fhir">
  <id value="emcareb7ltidangersigns"/>
  <text>
    <status value="generated"/><div xmlns="http://www.w3.org/1999/xhtml"><h2>Parameters</h2><table class="grid"><tr><td>ageinmonth.cql</td><td>out</td><td/><td/><td>integer</td></tr><tr><td>age auto-calculated (presented as number of years, months, days) of the client based on date of birth or estimated age or based on auto-calculation from estimaged date of birth</td><td>out</td><td/><td/><td>integer</td></tr><tr><td>oftrp</td><td>out</td><td/><td/><td>boolean</td></tr><tr><td>ds</td><td>out</td><td/><td/><td>boolean</td></tr></table><h2>Contents</h2></div>
  </text>
  <url value="https://fhir.dk.swisstph-mis.ch/matchbox/fhir/Library/emcareb7ltidangersigns"/>
  <identifier>
    <use value="official"/>
    <value value="emcare.b7.lti-dangersigns"/>
  </identifier>
  <version value="0.1.0"/>
  <name value="emcareb7ltidangersigns"/>
  <title value="EmCare.B7.LTI-DangerSigns"/>
  <status value="active"/>
  <type>
    <coding>
      <system value="http://hl7.org/fhir/ValueSet/library-type"/>
      <code value="logic-library"/>
    </coding>
  </type>
  <date value="2023-04-11T18:06:17+00:00"/>
  <publisher value="World Health Organization (WHO)"/>
  <contact>
    <telecom>
      <system value="url"/>
      <value value="https://www.who.int"/>
    </telecom>
  </contact>
  <jurisdiction>
    <coding>
      <system value="http://unstats.un.org/unsd/methods/m49/m49.htm"/>
      <code value="001"/>
    </coding>
  </jurisdiction>
  <parameter>
    <name value="ageinmonth.cql"/>
    <use value="out"/>
    <type value="integer"/>
  </parameter>
  <parameter>
    <name value="age auto-calculated (presented as number of years, months, days) of the client based on date of birth or estimated age or based on auto-calculation from estimaged date of birth"/>
    <use value="out"/>
    <type value="integer"/>
  </parameter>
  <parameter>
    <name value="oftrp"/>
    <use value="out"/>
    <type value="boolean"/>
  </parameter>
  <parameter>
    <name value="ds"/>
    <use value="out"/>
    <type value="boolean"/>
  </parameter>
</Library>