<?xml version="1.0" encoding="UTF-8"?>

<ValueSet xmlns="http://hl7.org/fhir">
  <id value="mucus-membrane-pallor"/>
  <text>
    <status value="extensions"/><div xmlns="http://www.w3.org/1999/xhtml"><ul><li>Include these codes as defined in <a href="CodeSystem-emcare-custom-codes.html"><code>https://fhir.dk.swisstph-mis.ch/matchbox/fhir/CodeSystem/emcare-custom-codes</code></a><table class="none"><tr><td style="white-space:nowrap"><b>Code</b></td><td><b>Display</b></td><td><b>Definition</b></td></tr><tr><td><a href="CodeSystem-emcare-custom-codes.html#emcare-custom-codes-EmCare.46B15S2.46DE10">EmCare.B15S2.DE10</a></td><td>Severe mucous membrane pallor</td><td>The client has severe mucous membrane pallor</td></tr><tr><td><a href="CodeSystem-emcare-custom-codes.html#emcare-custom-codes-EmCare.46B15S2.46DE11">EmCare.B15S2.DE11</a></td><td>Some mucous membrane pallor</td><td>The client has some mucous membrane pallor</td></tr><tr><td><a href="CodeSystem-emcare-custom-codes.html#emcare-custom-codes-EmCare.46B15S2.46DE12">EmCare.B15S2.DE12</a></td><td>No mucous membrane pallor</td><td>The client has no mucous membrane pallor</td></tr></table></li></ul></div>
  </text>
  <url value="https://fhir.dk.swisstph-mis.ch/matchbox/fhir/ValueSet/mucus-membrane-pallor"/>
  <version value="0.1.0"/>
  <name value="valueset-mucus-membrane-pallor"/>
  <title value="EmCare.B15S2.DE09"/>
  <status value="draft"/>
  <experimental value="false"/>
  <date value="2023-04-03T14:56:37+00:00"/>
  <publisher value="World Health Organization (WHO)"/>
  <contact>
    <telecom>
      <system value="url"/>
      <value value="https://www.who.int"/>
    </telecom>
  </contact>
  <description value="Mucous membrane pallor"/>
  <jurisdiction>
    <coding>
      <system value="http://unstats.un.org/unsd/methods/m49/m49.htm"/>
      <code value="001"/>
    </coding>
  </jurisdiction>
  <immutable value="true"/>
  <compose>
    <include>
      <system value="https://fhir.dk.swisstph-mis.ch/matchbox/fhir/CodeSystem/emcare-custom-codes"/>
      <concept>
        <code value="EmCare.B15S2.DE10"/>
        <display value="Severe mucous membrane pallor"/>
        <designation>
          <value value="The client has severe mucous membrane pallor"/>
        </designation>
      </concept>
      <concept>
        <code value="EmCare.B15S2.DE11"/>
        <display value="Some mucous membrane pallor"/>
        <designation>
          <value value="The client has some mucous membrane pallor"/>
        </designation>
      </concept>
      <concept>
        <code value="EmCare.B15S2.DE12"/>
        <display value="No mucous membrane pallor"/>
        <designation>
          <value value="The client has no mucous membrane pallor"/>
        </designation>
      </concept>
    </include>
  </compose>
</ValueSet>