<?xml version="1.0" encoding="UTF-8"?>

<ValueSet xmlns="http://hl7.org/fhir">
  <id value="skin-pinch-abdomen"/>
  <text>
    <status value="extensions"/><div xmlns="http://www.w3.org/1999/xhtml"><ul><li>Include these codes as defined in <a href="CodeSystem-emcare-custom-codes.html"><code>https://fhir.dk.swisstph-mis.ch/matchbox/fhir/CodeSystem/emcare-custom-codes</code></a><table class="none"><tr><td style="white-space:nowrap"><b>Code</b></td><td><b>Display</b></td><td><b>Definition</b></td></tr><tr><td><a href="CodeSystem-emcare-custom-codes.html#emcare-custom-codes-EmCare.46B20S2.46DE03">EmCare.B20S2.DE03</a></td><td>Skin Pinch goes back very slowly (More than 2 seconds)</td><td>The client's skin goes back very slowly after Skin pinch of Abdomen (More than 2 seconds)</td></tr><tr><td><a href="CodeSystem-emcare-custom-codes.html#emcare-custom-codes-EmCare.46B20S2.46DE04">EmCare.B20S2.DE04</a></td><td>Skin Pinch goes back slowly (2 seconds or fewer, but not immediately)</td><td>The client's skin goes back slowly after Skin pinch of Abdomen (2 seconds or fewer, but not immediately)</td></tr><tr><td><a href="CodeSystem-emcare-custom-codes.html#emcare-custom-codes-EmCare.46B20S2.46DE05">EmCare.B20S2.DE05</a></td><td>Skin Pinch goes back Normally (immediately)</td><td>The client's skin goes back normally after Skin pinch of Abdomen (immediately)</td></tr></table></li></ul></div>
  </text>
  <url value="https://fhir.dk.swisstph-mis.ch/matchbox/fhir/ValueSet/skin-pinch-abdomen"/>
  <version value="0.1.0"/>
  <name value="valueset-skin-pinch-abdomen"/>
  <title value="EmCare.B20S2.DE02"/>
  <status value="draft"/>
  <experimental value="false"/>
  <date value="2023-04-11T18:06:17+00:00"/>
  <publisher value="World Health Organization (WHO)"/>
  <contact>
    <telecom>
      <system value="url"/>
      <value value="https://www.who.int"/>
    </telecom>
  </contact>
  <description value="Skin pinch of Abdomen"/>
  <jurisdiction>
    <coding>
      <system value="http://unstats.un.org/unsd/methods/m49/m49.htm"/>
      <code value="001"/>
    </coding>
  </jurisdiction>
  <immutable value="true"/>
  <compose>
    <include>
      <system value="https://fhir.dk.swisstph-mis.ch/matchbox/fhir/CodeSystem/emcare-custom-codes"/>
      <concept>
        <code value="EmCare.B20S2.DE03"/>
        <display value="Skin Pinch goes back very slowly (More than 2 seconds)"/>
        <designation>
          <value value="The client's skin goes back very slowly after Skin pinch of Abdomen (More than 2 seconds)"/>
        </designation>
      </concept>
      <concept>
        <code value="EmCare.B20S2.DE04"/>
        <display value="Skin Pinch goes back slowly (2 seconds or fewer, but not immediately)"/>
        <designation>
          <value value="The client's skin goes back slowly after Skin pinch of Abdomen (2 seconds or fewer, but not immediately)"/>
        </designation>
      </concept>
      <concept>
        <code value="EmCare.B20S2.DE05"/>
        <display value="Skin Pinch goes back Normally (immediately)"/>
        <designation>
          <value value="The client's skin goes back normally after Skin pinch of Abdomen (immediately)"/>
        </designation>
      </concept>
    </include>
  </compose>
</ValueSet>