<?xml version="1.0" encoding="UTF-8"?>

<ValueSet xmlns="http://hl7.org/fhir">
  <id value="oral-sores"/>
  <text>
    <status value="extensions"/><div xmlns="http://www.w3.org/1999/xhtml"><ul><li>Include these codes as defined in <a href="CodeSystem-emcare-custom-codes.html"><code>https://fhir.dk.swisstph-mis.ch/matchbox/fhir/CodeSystem/emcare-custom-codes</code></a><table class="none"><tr><td style="white-space:nowrap"><b>Code</b></td><td><b>Display</b></td><td><b>Definition</b></td></tr><tr><td><a href="CodeSystem-emcare-custom-codes.html#emcare-custom-codes-EmCare.46B14S2.46DE41">EmCare.B14S2.DE41</a></td><td>Mouth Sores or Mouth Ulcers - Deep and Extensive</td><td>The client has mouth sores or mouth ulcers that are deep and extensive</td></tr><tr><td><a href="CodeSystem-emcare-custom-codes.html#emcare-custom-codes-EmCare.46B14S2.46DE42">EmCare.B14S2.DE42</a></td><td>Mouth Sores or Mouth Ulcers - Not Deep and Extensive</td><td>The client has mouth sores or mouth ulcers that are not deep and extensive</td></tr><tr><td><a href="CodeSystem-emcare-custom-codes.html#emcare-custom-codes-EmCare.46B14S2.46DE40">EmCare.B14S2.DE40</a></td><td>Oral Thrush</td><td>The client has oral thrush</td></tr><tr><td><a href="CodeSystem-emcare-custom-codes.html#emcare-custom-codes-EmCare.46B14S2.46DE39">EmCare.B14S2.DE39</a></td><td>No Oral Sores or Mouth Ulcers</td><td>The client is not reported to have oral sores or mouth ulcers</td></tr></table></li></ul></div>
  </text>
  <url value="https://fhir.dk.swisstph-mis.ch/matchbox/fhir/ValueSet/oral-sores"/>
  <version value="0.1.0"/>
  <name value="valueset-oral-sores"/>
  <title value="EmCare.B14S2.DE38"/>
  <status value="draft"/>
  <experimental value="false"/>
  <date value="2023-04-12T04:59:54+00:00"/>
  <publisher value="World Health Organization (WHO)"/>
  <contact>
    <telecom>
      <system value="url"/>
      <value value="https://www.who.int"/>
    </telecom>
  </contact>
  <description value="Oral sores or Mouth Ulcers"/>
  <jurisdiction>
    <coding>
      <system value="http://unstats.un.org/unsd/methods/m49/m49.htm"/>
      <code value="001"/>
    </coding>
  </jurisdiction>
  <immutable value="true"/>
  <compose>
    <include>
      <system value="https://fhir.dk.swisstph-mis.ch/matchbox/fhir/CodeSystem/emcare-custom-codes"/>
      <concept>
        <code value="EmCare.B14S2.DE41"/>
        <display value="Mouth Sores or Mouth Ulcers - Deep and Extensive"/>
        <designation>
          <value value="The client has mouth sores or mouth ulcers that are deep and extensive"/>
        </designation>
      </concept>
      <concept>
        <code value="EmCare.B14S2.DE42"/>
        <display value="Mouth Sores or Mouth Ulcers - Not Deep and Extensive"/>
        <designation>
          <value value="The client has mouth sores or mouth ulcers that are not deep and extensive"/>
        </designation>
      </concept>
      <concept>
        <code value="EmCare.B14S2.DE40"/>
        <display value="Oral Thrush"/>
        <designation>
          <value value="The client has oral thrush"/>
        </designation>
      </concept>
      <concept>
        <code value="EmCare.B14S2.DE39"/>
        <display value="No Oral Sores or Mouth Ulcers"/>
        <designation>
          <value value="The client is not reported to have oral sores or mouth ulcers"/>
        </designation>
      </concept>
    </include>
  </compose>
</ValueSet>