<?xml version="1.0" encoding="UTF-8"?><ActivityDefinition xmlns="http://hl7.org/fhir"><id value="emcare.b18-21.signs.2m.m"/><extension url="http://hl7.org/fhir/uv/cpg/StructureDefinition/cpg-knowledgeCapability"><valueCode value="shareable"/></extension><extension url="http://hl7.org/fhir/uv/cpg/StructureDefinition/cpg-knowledgeCapability"><valueCode value="computable"/></extension><extension url="http://hl7.org/fhir/uv/cpg/StructureDefinition/cpg-knowledgeCapability"><valueCode value="publishable"/></extension><extension url="http://hl7.org/fhir/uv/cpg/StructureDefinition/cpg-knowledgeRepresentationLevel"><valueCode value="structured"/></extension><extension url="http://hl7.org/fhir/uv/cpg/StructureDefinition/cpg-collectWith"><valueCanonical value="https://fhir.dk.swisstph-mis.ch/matchbox/fhir/Questionnaire/emcare.b18-21.signs.2m.m"/></extension><url value="https://fhir.dk.swisstph-mis.ch/matchbox/fhir/ActivityDefinition/emcare.b18-21.signs.2m.m"/><version value="0.1.0"/><status value="active"/><experimental value="false"/><date value="2023-04-03T14:56:37+00:00"/><publisher value="World Health Organization (WHO)"/><contact><telecom><system value="url"/><value value="https://www.who.int"/></telecom></contact><useContext><code><system value="http://terminology.hl7.org/CodeSystem/usage-context-type"/><code value="task"/></code><valueCodeableConcept><coding><system value="http://terminology.hl7.org/CodeSystem/v3-ActCode"/><code value="PATDOC"/><display value="Collect infornation with questionnaire EmCare.B18-21.Signs.2m.m"/></coding></valueCodeableConcept></useContext><jurisdiction><coding><system value="http://unstats.un.org/unsd/methods/m49/m49.htm"/><code value="001"/></coding></jurisdiction><kind value="Task"/><profile value="http://hl7.org/fhir/uv/cpg/StructureDefinition/cpg-questionnairetask"/><code><coding><system value="http://hl7.org/fhir/uv/cpg/CodeSystem/cpg-activity-type"/><code value="collect-information"/><display value="Collect information"/></coding></code><dynamicValue><path value="input.type"/><expression><language value="text/cql-expression"/><expression value="code"/></expression></dynamicValue><dynamicValue><path value="input.value"/><expression><language value="text/cql-expression"/><expression value="extension('http://hl7.org/fhir/uv/cpg/StructureDefinition/cpg-collectWith').value"/></expression></dynamicValue></ActivityDefinition>