<?xml version="1.0" encoding="UTF-8"?><Library xmlns="http://hl7.org/fhir"><id value="emcareb22respiratoryrate"/><url value="https://fhir.dk.swisstph-mis.ch/matchbox/fhir/Library/emcareb22respiratoryrate"/><identifier><use value="official"/><value value="emcare.b22.respiratoryrate"/></identifier><version value="0.1.0"/><name value="emcareb22respiratoryrate"/><title value="EmCare.B22.RespiratoryRate"/><status value="active"/><type><coding><system value="http://hl7.org/fhir/ValueSet/library-type"/><code value="logic-library"/></coding></type><date value="2023-04-12T04:59:54+00:00"/><publisher value="World Health Organization (WHO)"/><contact><telecom><system value="url"/><value value="https://www.who.int"/></telecom></contact><jurisdiction><coding><system value="http://unstats.un.org/unsd/methods/m49/m49.htm"/><code value="001"/></coding></jurisdiction><parameter><name value="ageinmonths"/><use value="out"/><type value="integer"/></parameter><parameter><name value="age"/><use value="out"/><type value="integer"/></parameter><parameter><name value="respiratory rate profile"/><use value="out"/><type value="Quantity"/></parameter><parameter><name value="force-collection"/><use value="out"/><type value="boolean"/></parameter><parameter><name value="respiratory rate second count profile"/><use value="out"/><type value="Quantity"/></parameter><parameter><name value="fast breathing profile"/><use value="out"/><type value="boolean"/></parameter></Library>