<?xml version="1.0" encoding="UTF-8"?><Library xmlns="http://hl7.org/fhir"><id value="emcareb6measurements"/><url value="https://fhir.dk.swisstph-mis.ch/matchbox/fhir/Library/emcareb6measurements"/><identifier><use value="official"/><value value="emcare.b6.measurements"/></identifier><version value="0.1.0"/><name value="emcareb6measurements"/><title value="EmCare.B6.Measurements"/><status value="active"/><type><coding><system value="http://hl7.org/fhir/ValueSet/library-type"/><code value="logic-library"/></coding></type><date value="2023-04-12T04:59:54+00:00"/><publisher value="World Health Organization (WHO)"/><contact><telecom><system value="url"/><value value="https://www.who.int"/></telecom></contact><jurisdiction><coding><system value="http://unstats.un.org/unsd/methods/m49/m49.htm"/><code value="001"/></coding></jurisdiction><parameter><name value="ageindays"/><use value="out"/><type value="integer"/></parameter><parameter><name value="age in days"/><use value="out"/><type value="integer"/></parameter><parameter><name value="pastweightactualised"/><use value="out"/><type value="Quantity"/></parameter><parameter><name value="ageinmonths"/><use value="out"/><type value="integer"/></parameter><parameter><name value="age in months"/><use value="out"/><type value="integer"/></parameter><parameter><name value="ageinyears"/><use value="out"/><type value="integer"/></parameter><parameter><name value="age in years"/><use value="out"/><type value="integer"/></parameter></Library>