<?xml version="1.0" encoding="UTF-8"?><Library xmlns="http://hl7.org/fhir"><id value="emcareb1821signs2mm"/><url value="https://fhir.dk.swisstph-mis.ch/matchbox/fhir/Library/emcareb1821signs2mm"/><identifier><use value="official"/><value value="emcare.b18-21.signs.2m.m"/></identifier><version value="0.1.0"/><name value="emcareb1821signs2mm"/><title value="EmCare.B18-21.Signs.2m.m"/><status value="active"/><type><coding><system value="http://hl7.org/fhir/ValueSet/library-type"/><code value="logic-library"/></coding></type><date value="2023-04-11T18:06:17+00:00"/><publisher value="World Health Organization (WHO)"/><contact><telecom><system value="url"/><value value="https://www.who.int"/></telecom></contact><jurisdiction><coding><system value="http://unstats.un.org/unsd/methods/m49/m49.htm"/><code value="001"/></coding></jurisdiction><parameter><name value="fever"/><use value="out"/><type value="boolean"/></parameter><parameter><name value="zscore"/><use value="out"/><type value="decimal"/></parameter><parameter><name value="ageinmonths"/><use value="out"/><type value="integer"/></parameter><parameter><name value="ageindays"/><use value="out"/><type value="integer"/></parameter><parameter><name value="emcare.b20s1.de01"/><use value="out"/><type value="boolean"/></parameter><parameter><name value="diarrhoea"/><use value="out"/><type value="boolean"/></parameter><parameter><name value="emcare.a.de31"/><use value="out"/><type value="code"/></parameter><parameter><name value="biological mother vital status"/><use value="out"/><type value="code"/></parameter><parameter><name value="emcare.b21s1.de01"/><use value="out"/><type value="boolean"/></parameter><parameter><name value="breastfed"/><use value="out"/><type value="boolean"/></parameter><parameter><name value="emcare.b18s1.de02"/><use value="out"/><type value="code"/></parameter><parameter><name value="difficulty with feeding"/><use value="out"/><type value="code"/></parameter><parameter><name value="yi_sever_but_dhey"/><use value="out"/><type value="boolean"/></parameter><parameter><name value="yi_sever"/><use value="out"/><type value="boolean"/></parameter><parameter><name value="emcare.b7.de03"/><use value="out"/><type value="boolean"/></parameter><parameter><name value="respiratory rate profile"/><use value="out"/><type value="Quantity"/></parameter><parameter><name value="force-collection"/><use value="out"/><type value="boolean"/></parameter><parameter><name value="respiratory rate second count profile"/><use value="out"/><type value="Quantity"/></parameter><parameter><name value="fast breathing profile"/><use value="out"/><type value="boolean"/></parameter></Library>