<?xml version="1.0" encoding="UTF-8"?><Library xmlns="http://hl7.org/fhir"><id value="emcareobservationvalueset"/><url value="https://fhir.dk.swisstph-mis.ch/matchbox/fhir/Library/emcareobservationvalueset"/><version value="0.1.0"/><name value="emcareobservationValueset"/><status value="active"/><type><coding><system value="http://hl7.org/fhir/ValueSet/library-type"/><code value="logic-library"/></coding></type><date value="2023-04-03T14:56:37+00:00"/><publisher value="World Health Organization (WHO)"/><contact><telecom><system value="url"/><value value="https://www.who.int"/></telecom></contact><jurisdiction><coding><system value="http://unstats.un.org/unsd/methods/m49/m49.htm"/><code value="001"/></coding></jurisdiction></Library>