<?xml version="1.0" encoding="UTF-8"?><StructureMap xmlns="http://hl7.org/fhir"><id value="emcare.treatment"/><text><status value="generated"/><div xmlns="http://www.w3.org/1999/xhtml"><pre>map &quot;https://fhir.dk.swisstph-mis.ch/matchbox/fhir/StructureMap/emcare.treatment&quot; = &quot;emcare.treatment&quot;


uses &quot;http://hl7.org/fhir/uv/sdc/StructureDefinition/sdc-questionnaireresponse&quot; alias 'questionnaireResponse' as source
uses &quot;http://hl7.org/fhir/StructureDefinition/Bundle&quot; alias 'Bundle' as target

group bundletrans(source src : questionnaireResponse, target bundle : Bundle) {
  src -&gt; bundle.id = uuid() &quot;id&quot;;
  src -&gt; bundle.type = 'batch' &quot;type&quot;;
}

</pre></div></text><url value="https://fhir.dk.swisstph-mis.ch/matchbox/fhir/StructureMap/emcare.treatment"/><version value="0.1.0"/><name value="emcare.treatment"/><status value="active"/><date value="2023-04-11T17:43:01+00:00"/><publisher value="World Health Organization (WHO)"/><contact><telecom><system value="url"/><value value="https://www.who.int"/></telecom></contact><jurisdiction><coding><system value="http://unstats.un.org/unsd/methods/m49/m49.htm"/><code value="001"/></coding></jurisdiction><structure><url value="http://hl7.org/fhir/uv/sdc/StructureDefinition/sdc-questionnaireresponse"/><mode value="source"/><alias value="'questionnaireResponse'"/></structure><structure><url value="http://hl7.org/fhir/StructureDefinition/Bundle"/><mode value="target"/><alias value="'Bundle'"/></structure><group><name value="bundletrans"/><typeMode value="none"/><input><name value="src"/><type value="questionnaireResponse"/><mode value="source"/></input><input><name value="bundle"/><type value="Bundle"/><mode value="target"/></input><rule><name value="id"/><source><context value="src"/></source><target><context value="bundle"/><contextType value="variable"/><element value="id"/><transform value="uuid"/></target></rule><rule><name value="type"/><source><context value="src"/></source><target><context value="bundle"/><contextType value="variable"/><element value="type"/><transform value="copy"/><parameter><valueString value="batch"/></parameter></target></rule></group></StructureMap>