<?xml version="1.0" encoding="UTF-8"?><ValueSet xmlns="http://hl7.org/fhir"><id value="oxygen-saturation"/><text><status value="extensions"/><div xmlns="http://www.w3.org/1999/xhtml"><ul><li>Include these codes as defined in <a href="CodeSystem-emcare-custom-codes.html"><code>https://fhir.dk.swisstph-mis.ch/matchbox/fhir/CodeSystem/emcare-custom-codes</code></a><table class="none"><tr><td style="white-space:nowrap"><b>Code</b></td><td><b>Display</b></td><td><b>Definition</b></td></tr><tr><td><a href="CodeSystem-emcare-custom-codes.html#emcare-custom-codes-EmCare.46B10S2.46DE09">EmCare.B10S2.DE09</a></td><td>Oxygen saturation not measured</td><td>The clients oxygen saturation was not measured</td></tr></table></li></ul></div></text><url value="https://fhir.dk.swisstph-mis.ch/matchbox/fhir/ValueSet/oxygen-saturation"/><version value="0.1.0"/><name value="valueset-oxygen-saturation"/><title value="EmCare.B10S2.DE08"/><status value="draft"/><experimental value="false"/><date value="2023-04-11T17:43:01+00:00"/><publisher value="World Health Organization (WHO)"/><contact><telecom><system value="url"/><value value="https://www.who.int"/></telecom></contact><description value="The client's oxygen saturation is more than or equal to 90 %"/><jurisdiction><coding><system value="http://unstats.un.org/unsd/methods/m49/m49.htm"/><code value="001"/></coding></jurisdiction><immutable value="true"/><compose><include><system value="https://fhir.dk.swisstph-mis.ch/matchbox/fhir/CodeSystem/emcare-custom-codes"/><concept><code value="EmCare.B10S2.DE09"/><display value="Oxygen saturation not measured"/><designation><value value="The clients oxygen saturation was not measured"/></designation></concept></include></compose></ValueSet>