<?xml version="1.0" encoding="UTF-8"?><ValueSet xmlns="http://hl7.org/fhir"><id value="milk-given"/><text><status value="extensions"/><div xmlns="http://www.w3.org/1999/xhtml"><ul><li>Include these codes as defined in <a href="CodeSystem-emcare-custom-codes.html"><code>https://fhir.dk.swisstph-mis.ch/matchbox/fhir/CodeSystem/emcare-custom-codes</code></a><table class="none"><tr><td style="white-space:nowrap"><b>Code</b></td><td><b>Display</b></td><td><b>Definition</b></td></tr><tr><td><a href="CodeSystem-emcare-custom-codes.html#emcare-custom-codes-EmCare.46B21S2.46DE22">EmCare.B21S2.DE22</a></td><td>Cup</td><td>The milk is given to the client using a cup</td></tr><tr><td><a href="CodeSystem-emcare-custom-codes.html#emcare-custom-codes-EmCare.46B21S2.46DE23">EmCare.B21S2.DE23</a></td><td>Bottle</td><td>The milk is given to the client using a bottle</td></tr></table></li></ul></div></text><url value="https://fhir.dk.swisstph-mis.ch/matchbox/fhir/ValueSet/milk-given"/><version value="0.1.0"/><name value="valueset-milk-given"/><title value="EmCare.B21S2.DE21"/><status value="draft"/><experimental value="false"/><date value="2023-04-11T17:43:16+00:00"/><publisher value="World Health Organization (WHO)"/><contact><telecom><system value="url"/><value value="https://www.who.int"/></telecom></contact><description value="How is the milk given?"/><jurisdiction><coding><system value="http://unstats.un.org/unsd/methods/m49/m49.htm"/><code value="001"/></coding></jurisdiction><immutable value="true"/><compose><include><system value="https://fhir.dk.swisstph-mis.ch/matchbox/fhir/CodeSystem/emcare-custom-codes"/><concept><code value="EmCare.B21S2.DE22"/><display value="Cup"/><designation><value value="The milk is given to the client using a cup"/></designation></concept><concept><code value="EmCare.B21S2.DE23"/><display value="Bottle"/><designation><value value="The milk is given to the client using a bottle"/></designation></concept></include></compose></ValueSet>