<?xml version="1.0" encoding="UTF-8"?><ValueSet xmlns="http://hl7.org/fhir"><id value="more-than-7d"/><text><status value="extensions"/><div xmlns="http://www.w3.org/1999/xhtml"><ul><li>Include these codes as defined in <a href="CodeSystem-emcare-custom-codes.html"><code>https://fhir.dk.swisstph-mis.ch/matchbox/fhir/CodeSystem/emcare-custom-codes</code></a><table class="none"><tr><td style="white-space:nowrap"><b>Code</b></td><td><b>Display</b></td><td><b>Definition</b></td></tr><tr><td><a href="CodeSystem-emcare-custom-codes.html#emcare-custom-codes-EmCare.46B12S1.46DE05">EmCare.B12S1.DE05</a></td><td>7 Days or more</td><td>The client has had fever for 7 days or more</td></tr><tr><td><a href="CodeSystem-emcare-custom-codes.html#emcare-custom-codes-EmCare.46B12S1.46DE04">EmCare.B12S1.DE04</a></td><td>Less than 7 days</td><td>The client has had fever for less than 7 days</td></tr></table></li></ul></div></text><url value="https://fhir.dk.swisstph-mis.ch/matchbox/fhir/ValueSet/more-than-7d"/><version value="0.1.0"/><name value="valueset-more-than-7d"/><status value="draft"/><experimental value="false"/><date value="2023-04-12T04:59:54+00:00"/><publisher value="World Health Organization (WHO)"/><contact><telecom><system value="url"/><value value="https://www.who.int"/></telecom></contact><description value="Codes representing possible values for the Provide an estimated age or estimated date of birth element"/><jurisdiction><coding><system value="http://unstats.un.org/unsd/methods/m49/m49.htm"/><code value="001"/></coding></jurisdiction><immutable value="true"/><compose><include><system value="https://fhir.dk.swisstph-mis.ch/matchbox/fhir/CodeSystem/emcare-custom-codes"/><concept><code value="EmCare.B12S1.DE05"/><display value="7 Days or more"/><designation><value value="The client has had fever for 7 days or more"/></designation></concept><concept><code value="EmCare.B12S1.DE04"/><display value="Less than 7 days"/><designation><value value="The client has had fever for less than 7 days"/></designation></concept></include></compose></ValueSet>