<?xml version="1.0" encoding="UTF-8"?><ValueSet xmlns="http://hl7.org/fhir"><id value="relationship-to-client"/><text><status value="extensions"/><div xmlns="http://www.w3.org/1999/xhtml"><ul><li>Include these codes as defined in <a href="CodeSystem-emcare-custom-codes.html"><code>https://fhir.dk.swisstph-mis.ch/matchbox/fhir/CodeSystem/emcare-custom-codes</code></a><table class="none"><tr><td style="white-space:nowrap"><b>Code</b></td><td><b>Display</b></td><td><b>Definition</b></td></tr><tr><td><a href="CodeSystem-emcare-custom-codes.html#emcare-custom-codes-EmCare.46A.46DE25">EmCare.A.DE25</a></td><td>Mother</td><td>The Caregiver is the client's mother</td></tr><tr><td><a href="CodeSystem-emcare-custom-codes.html#emcare-custom-codes-EmCare.46A.46DE26">EmCare.A.DE26</a></td><td>Father</td><td>The Caregiver is the client's father</td></tr><tr><td><a href="CodeSystem-emcare-custom-codes.html#emcare-custom-codes-EmCare.46A.46DE27">EmCare.A.DE27</a></td><td>Sibling</td><td>The Caregiver is the client's sibling</td></tr><tr><td><a href="CodeSystem-emcare-custom-codes.html#emcare-custom-codes-EmCare.46A.46DE28">EmCare.A.DE28</a></td><td>Extended family</td><td>The Caregiver is the client's extended family</td></tr><tr><td><a href="CodeSystem-emcare-custom-codes.html#emcare-custom-codes-EmCare.46A.46DE29">EmCare.A.DE29</a></td><td>Legal Guardian</td><td>The Caregiver is the client's legal guardian</td></tr><tr><td><a href="CodeSystem-emcare-custom-codes.html#emcare-custom-codes-EmCare.46A.46DE30">EmCare.A.DE30</a></td><td>Not Related</td><td>The Caregiver is not related to the client</td></tr></table></li></ul></div></text><url value="https://fhir.dk.swisstph-mis.ch/matchbox/fhir/ValueSet/relationship-to-client"/><version value="0.1.0"/><name value="valueset-relationship-to-client"/><title value="Caregiver's Relationship to Client"/><status value="draft"/><experimental value="false"/><date value="2023-04-12T04:59:54+00:00"/><publisher value="World Health Organization (WHO)"/><contact><telecom><system value="url"/><value value="https://www.who.int"/></telecom></contact><description value="The relationship of the Caregiver to the client"/><jurisdiction><coding><system value="http://unstats.un.org/unsd/methods/m49/m49.htm"/><code value="001"/></coding></jurisdiction><immutable value="true"/><compose><include><system value="https://fhir.dk.swisstph-mis.ch/matchbox/fhir/CodeSystem/emcare-custom-codes"/><concept><code value="EmCare.A.DE25"/><display value="Mother"/><designation><value value="The Caregiver is the client's mother"/></designation></concept><concept><code value="EmCare.A.DE26"/><display value="Father"/><designation><value value="The Caregiver is the client's father"/></designation></concept><concept><code value="EmCare.A.DE27"/><display value="Sibling"/><designation><value value="The Caregiver is the client's sibling"/></designation></concept><concept><code value="EmCare.A.DE28"/><display value="Extended family"/><designation><value value="The Caregiver is the client's extended family"/></designation></concept><concept><code value="EmCare.A.DE29"/><display value="Legal Guardian"/><designation><value value="The Caregiver is the client's legal guardian"/></designation></concept><concept><code value="EmCare.A.DE30"/><display value="Not Related"/><designation><value value="The Caregiver is not related to the client"/></designation></concept></include></compose></ValueSet>