<?xml version="1.0" encoding="UTF-8"?><ValueSet xmlns="http://hl7.org/fhir"><id value="number-of-convulsions"/><text><status value="extensions"/><div xmlns="http://www.w3.org/1999/xhtml"><ul><li>Include these codes as defined in <a href="CodeSystem-emcare-custom-codes.html"><code>https://fhir.dk.swisstph-mis.ch/matchbox/fhir/CodeSystem/emcare-custom-codes</code></a><table class="none"><tr><td style="white-space:nowrap"><b>Code</b></td><td><b>Display</b></td><td><b>Definition</b></td></tr><tr><td><a href="CodeSystem-emcare-custom-codes.html#emcare-custom-codes-EmCare.46B7.46DE06">EmCare.B7.DE06</a></td><td>Two or more convulsions</td><td>The client is reported to have had two or more convulsions in this illness</td></tr><tr><td><a href="CodeSystem-emcare-custom-codes.html#emcare-custom-codes-EmCare.46B7.46DE05">EmCare.B7.DE05</a></td><td>One Convulsion</td><td>The client is reported to have had one convulsion in this illness</td></tr></table></li></ul></div></text><url value="https://fhir.dk.swisstph-mis.ch/matchbox/fhir/ValueSet/number-of-convulsions"/><version value="0.1.0"/><name value="valueset-number-of-convulsions"/><status value="draft"/><experimental value="false"/><date value="2023-04-03T14:56:37+00:00"/><publisher value="World Health Organization (WHO)"/><contact><telecom><system value="url"/><value value="https://www.who.int"/></telecom></contact><description value="Codes representing possible values for the Provide an estimated age or estimated date of birth element"/><jurisdiction><coding><system value="http://unstats.un.org/unsd/methods/m49/m49.htm"/><code value="001"/></coding></jurisdiction><immutable value="true"/><compose><include><system value="https://fhir.dk.swisstph-mis.ch/matchbox/fhir/CodeSystem/emcare-custom-codes"/><concept><code value="EmCare.B7.DE06"/><display value="Two or more convulsions"/><designation><value value="The client is reported to have had two or more convulsions in this illness"/></designation></concept><concept><code value="EmCare.B7.DE05"/><display value="One Convulsion"/><designation><value value="The client is reported to have had one convulsion in this illness"/></designation></concept></include></compose></ValueSet>