<?xml version="1.0" encoding="UTF-8"?><ValueSet xmlns="http://hl7.org/fhir"><id value="child-vaccines"/><text><status value="extensions"/><div xmlns="http://www.w3.org/1999/xhtml"><ul><li>Include these codes as defined in <a href="CodeSystem-emcare-custom-codes.html"><code>https://fhir.dk.swisstph-mis.ch/matchbox/fhir/CodeSystem/emcare-custom-codes</code></a><table class="none"><tr><td style="white-space:nowrap"><b>Code</b></td><td><b>Display</b></td><td><b>Definition</b></td></tr><tr><td><a href="CodeSystem-emcare-custom-codes.html#emcare-custom-codes-EmCare.46B17.46DE51">EmCare.B17.DE51</a></td><td>BCG</td><td>Data Element to appear so that the healthcare worker can see which vaccines the client should have received for their age</td></tr><tr><td><a href="CodeSystem-emcare-custom-codes.html#emcare-custom-codes-EmCare.46B17.46DE52">EmCare.B17.DE52</a></td><td>OPV</td><td>Data Element to appear so that the healthcare worker can see which vaccines the client should have received for their age</td></tr><tr><td><a href="CodeSystem-emcare-custom-codes.html#emcare-custom-codes-EmCare.46B17.46DE53">EmCare.B17.DE53</a></td><td>Hep B</td><td>Data Element to appear so that the healthcare worker can see which vaccines the client should have received for their age</td></tr><tr><td><a href="CodeSystem-emcare-custom-codes.html#emcare-custom-codes-EmCare.46B17.46DE54">EmCare.B17.DE54</a></td><td>DPT</td><td>Data Element to appear so that the healthcare worker can see which vaccines the client should have received for their age</td></tr><tr><td><a href="CodeSystem-emcare-custom-codes.html#emcare-custom-codes-EmCare.46B17.46DE55">EmCare.B17.DE55</a></td><td>DPT 18 month booster</td><td>Data Element to appear so that the healthcare worker can see which vaccines the client should have received for their age</td></tr><tr><td><a href="CodeSystem-emcare-custom-codes.html#emcare-custom-codes-EmCare.46B17.46DE56">EmCare.B17.DE56</a></td><td>HIB</td><td>Data Element to appear so that the healthcare worker can see which vaccines the client should have received for their age</td></tr><tr><td><a href="CodeSystem-emcare-custom-codes.html#emcare-custom-codes-EmCare.46B17.46DE57">EmCare.B17.DE57</a></td><td>RTV</td><td>Data Element to appear so that the healthcare worker can see which vaccines the client should have received for their age</td></tr><tr><td><a href="CodeSystem-emcare-custom-codes.html#emcare-custom-codes-EmCare.46B17.46DE58">EmCare.B17.DE58</a></td><td>PCV</td><td>Data Element to appear so that the healthcare worker can see which vaccines the client should have received for their age</td></tr><tr><td><a href="CodeSystem-emcare-custom-codes.html#emcare-custom-codes-EmCare.46B17.46DE59">EmCare.B17.DE59</a></td><td>PCV Booster 1 for Confirmed HIV Infection</td><td>Data Element to appear so that the healthcare worker can see which vaccines the client should have received for their age</td></tr><tr><td><a href="CodeSystem-emcare-custom-codes.html#emcare-custom-codes-EmCare.46B17.46DE60">EmCare.B17.DE60</a></td><td>PCV Booster 2 for Confirmed HIV Infection</td><td>Data Element to appear so that the healthcare worker can see which vaccines the client should have received for their age</td></tr><tr><td><a href="CodeSystem-emcare-custom-codes.html#emcare-custom-codes-EmCare.46B17.46DE61">EmCare.B17.DE61</a></td><td>Measles</td><td>Data Element to appear so that the healthcare worker can see which vaccines the client should have received for their age</td></tr></table></li></ul></div></text><url value="https://fhir.dk.swisstph-mis.ch/matchbox/fhir/ValueSet/child-vaccines"/><version value="0.1.0"/><name value="valueset-child-vaccines"/><title value="EmCare.B17.DE50"/><status value="draft"/><experimental value="false"/><date value="2023-04-11T17:43:01+00:00"/><publisher value="World Health Organization (WHO)"/><contact><telecom><system value="url"/><value value="https://www.who.int"/></telecom></contact><description value="Immunizations for Age"/><jurisdiction><coding><system value="http://unstats.un.org/unsd/methods/m49/m49.htm"/><code value="001"/></coding></jurisdiction><immutable value="true"/><compose><include><system value="https://fhir.dk.swisstph-mis.ch/matchbox/fhir/CodeSystem/emcare-custom-codes"/><concept><code value="EmCare.B17.DE51"/><display value="BCG"/><designation><value value="Data Element to appear so that the healthcare worker can see which vaccines the client should have received for their age"/></designation></concept><concept><code value="EmCare.B17.DE52"/><display value="OPV"/><designation><value value="Data Element to appear so that the healthcare worker can see which vaccines the client should have received for their age"/></designation></concept><concept><code value="EmCare.B17.DE53"/><display value="Hep B"/><designation><value value="Data Element to appear so that the healthcare worker can see which vaccines the client should have received for their age"/></designation></concept><concept><code value="EmCare.B17.DE54"/><display value="DPT"/><designation><value value="Data Element to appear so that the healthcare worker can see which vaccines the client should have received for their age"/></designation></concept><concept><code value="EmCare.B17.DE55"/><display value="DPT 18 month booster"/><designation><value value="Data Element to appear so that the healthcare worker can see which vaccines the client should have received for their age"/></designation></concept><concept><code value="EmCare.B17.DE56"/><display value="HIB"/><designation><value value="Data Element to appear so that the healthcare worker can see which vaccines the client should have received for their age"/></designation></concept><concept><code value="EmCare.B17.DE57"/><display value="RTV"/><designation><value value="Data Element to appear so that the healthcare worker can see which vaccines the client should have received for their age"/></designation></concept><concept><code value="EmCare.B17.DE58"/><display value="PCV"/><designation><value value="Data Element to appear so that the healthcare worker can see which vaccines the client should have received for their age"/></designation></concept><concept><code value="EmCare.B17.DE59"/><display value="PCV Booster 1 for Confirmed HIV Infection"/><designation><value value="Data Element to appear so that the healthcare worker can see which vaccines the client should have received for their age"/></designation></concept><concept><code value="EmCare.B17.DE60"/><display value="PCV Booster 2 for Confirmed HIV Infection"/><designation><value value="Data Element to appear so that the healthcare worker can see which vaccines the client should have received for their age"/></designation></concept><concept><code value="EmCare.B17.DE61"/><display value="Measles"/><designation><value value="Data Element to appear so that the healthcare worker can see which vaccines the client should have received for their age"/></designation></concept></include></compose></ValueSet>