<?xml version="1.0" encoding="UTF-8"?><ValueSet xmlns="http://hl7.org/fhir"><id value="malaria-microscopy-species"/><text><status value="extensions"/><div xmlns="http://www.w3.org/1999/xhtml"><ul><li>Include these codes as defined in <a href="CodeSystem-emcare-custom-codes.html"><code>https://fhir.dk.swisstph-mis.ch/matchbox/fhir/CodeSystem/emcare-custom-codes</code></a><table class="none"><tr><td style="white-space:nowrap"><b>Code</b></td><td><b>Display</b></td><td><b>Definition</b></td></tr><tr><td><a href="CodeSystem-emcare-custom-codes.html#emcare-custom-codes-EmCare.46B22.46DE75">EmCare.B22.DE75</a></td><td>No Species Reported</td><td>The client's Microscopy species result is no species reported</td></tr></table></li></ul></div></text><url value="https://fhir.dk.swisstph-mis.ch/matchbox/fhir/ValueSet/malaria-microscopy-species"/><version value="0.1.0"/><name value="valueset-malaria-microscopy-species"/><status value="draft"/><experimental value="false"/><date value="2023-04-11T18:06:17+00:00"/><publisher value="World Health Organization (WHO)"/><contact><telecom><system value="url"/><value value="https://www.who.int"/></telecom></contact><description value="Codes representing possible values for the Provide an estimated age or estimated date of birth element"/><jurisdiction><coding><system value="http://unstats.un.org/unsd/methods/m49/m49.htm"/><code value="001"/></coding></jurisdiction><immutable value="true"/><compose><include><system value="https://fhir.dk.swisstph-mis.ch/matchbox/fhir/CodeSystem/emcare-custom-codes"/><concept><code value="EmCare.B22.DE75"/><display value="No Species Reported"/><designation><value value="The client's Microscopy species result is no species reported"/></designation></concept></include></compose></ValueSet>