<?xml version="1.0" encoding="UTF-8"?><ValueSet xmlns="http://hl7.org/fhir"><id value="vital-status"/><text><status value="extensions"/><div xmlns="http://www.w3.org/1999/xhtml"><ul><li>Include these codes as defined in <a href="CodeSystem-emcare-custom-codes.html"><code>https://fhir.dk.swisstph-mis.ch/matchbox/fhir/CodeSystem/emcare-custom-codes</code></a><table class="none"><tr><td style="white-space:nowrap"><b>Code</b></td><td><b>Display</b></td><td><b>Definition</b></td></tr><tr><td><a href="CodeSystem-emcare-custom-codes.html#emcare-custom-codes-EmCare.46A.46DE46">EmCare.A.DE46</a></td><td>Dead</td><td>Biological Mother or Father dead</td></tr><tr><td><a href="CodeSystem-emcare-custom-codes.html#emcare-custom-codes-EmCare.46A.46DE34">EmCare.A.DE34</a></td><td>Alive</td><td>Biological Mother or Father Alive</td></tr><tr><td><a href="CodeSystem-emcare-custom-codes.html#emcare-custom-codes-EmCare.46A.46DE33">EmCare.A.DE33</a></td><td>Unknown</td><td>Unknown</td></tr></table></li></ul></div></text><url value="https://fhir.dk.swisstph-mis.ch/matchbox/fhir/ValueSet/vital-status"/><version value="0.1.0"/><name value="valueset-vital-status"/><title value="Related Person vital status"/><status value="draft"/><experimental value="false"/><date value="2023-04-11T17:43:16+00:00"/><publisher value="World Health Organization (WHO)"/><contact><telecom><system value="url"/><value value="https://www.who.int"/></telecom></contact><description value="Codes representing possible values for the Provide an estimated age or estimated date of birth element"/><jurisdiction><coding><system value="http://unstats.un.org/unsd/methods/m49/m49.htm"/><code value="001"/></coding></jurisdiction><immutable value="true"/><compose><include><system value="https://fhir.dk.swisstph-mis.ch/matchbox/fhir/CodeSystem/emcare-custom-codes"/><concept><code value="EmCare.A.DE46"/><display value="Dead"/><designation><value value="Biological Mother or Father dead"/></designation></concept><concept><code value="EmCare.A.DE34"/><display value="Alive"/><designation><value value="Biological Mother or Father Alive"/></designation></concept><concept><code value="EmCare.A.DE33"/><display value="Unknown"/><designation><value value="Biological Mother or Father Vital Status unknown"/></designation></concept></include></compose></ValueSet>