<?xml version="1.0" encoding="UTF-8"?><ValueSet xmlns="http://hl7.org/fhir"><id value="feeding-problem"/><text><status value="extensions"/><div xmlns="http://www.w3.org/1999/xhtml"><ul><li>Include these codes as defined in <a href="CodeSystem-emcare-custom-codes.html"><code>https://fhir.dk.swisstph-mis.ch/matchbox/fhir/CodeSystem/emcare-custom-codes</code></a><table class="none"><tr><td style="white-space:nowrap"><b>Code</b></td><td><b>Display</b></td><td><b>Definition</b></td></tr><tr><td><a href="CodeSystem-emcare-custom-codes.html#emcare-custom-codes-EmCare.46B21S2.46DE28">EmCare.B21S2.DE28</a></td><td>Breastmilk also given</td><td>Breastmilk is also given to the client by the care giver</td></tr><tr><td><a href="CodeSystem-emcare-custom-codes.html#emcare-custom-codes-EmCare.46B21S2.46DE29">EmCare.B21S2.DE29</a></td><td>No Breastmilk at all</td><td>The caregiver does not give the client any breastmilk at all</td></tr></table></li></ul></div></text><url value="https://fhir.dk.swisstph-mis.ch/matchbox/fhir/ValueSet/feeding-problem"/><version value="0.1.0"/><name value="valueset-feeding-problem"/><title value="EmCare.B21S2.DE27"/><status value="draft"/><experimental value="false"/><date value="2023-04-11T18:06:17+00:00"/><publisher value="World Health Organization (WHO)"/><contact><telecom><system value="url"/><value value="https://www.who.int"/></telecom></contact><description value="Do you give any breastmilk at all?"/><jurisdiction><coding><system value="http://unstats.un.org/unsd/methods/m49/m49.htm"/><code value="001"/></coding></jurisdiction><immutable value="true"/><compose><include><system value="https://fhir.dk.swisstph-mis.ch/matchbox/fhir/CodeSystem/emcare-custom-codes"/><concept><code value="EmCare.B21S2.DE28"/><display value="Breastmilk also given"/><designation><value value="Breastmilk is also given to the client by the care giver"/></designation></concept><concept><code value="EmCare.B21S2.DE29"/><display value="No Breastmilk at all"/><designation><value value="The caregiver does not give the client any breastmilk at all"/></designation></concept></include></compose></ValueSet>