<?xml version="1.0" encoding="UTF-8"?><ValueSet xmlns="http://hl7.org/fhir"><id value="weight-status"/><text><status value="extensions"/><div xmlns="http://www.w3.org/1999/xhtml"><ul><li>Include these codes as defined in <a href="CodeSystem-emcare-custom-codes.html"><code>https://fhir.dk.swisstph-mis.ch/matchbox/fhir/CodeSystem/emcare-custom-codes</code></a><table class="none"><tr><td style="white-space:nowrap"><b>Code</b></td><td><b>Display</b></td><td><b>Definition</b></td></tr><tr><td><a href="CodeSystem-emcare-custom-codes.html#emcare-custom-codes-EmCare.46B21S2.46DE02">EmCare.B21S2.DE02</a></td><td>Very Low Weight for Age</td><td>The client has a very low weight for age (Weight &lt; 2Kg and &lt;7 Days old)</td></tr><tr><td><a href="CodeSystem-emcare-custom-codes.html#emcare-custom-codes-EmCare.46B21S2.46DE03">EmCare.B21S2.DE03</a></td><td>Low Weight for Age</td><td>The client has a low weight for age (derived from a WFA Z Score is &lt; -2)</td></tr><tr><td><a href="CodeSystem-emcare-custom-codes.html#emcare-custom-codes-EmCare.46B21S2.46DE04">EmCare.B21S2.DE04</a></td><td>Normal Weight for Age</td><td>The client is a normal weight for age (derived from a normal WFA Z Score is ≥ -2</td></tr></table></li></ul></div></text><url value="https://fhir.dk.swisstph-mis.ch/matchbox/fhir/ValueSet/weight-status"/><version value="0.1.0"/><name value="valueset-weight-status"/><title value="EmCare.B21S2.DE01"/><status value="draft"/><experimental value="false"/><date value="2023-04-11T18:06:17+00:00"/><publisher value="World Health Organization (WHO)"/><contact><telecom><system value="url"/><value value="https://www.who.int"/></telecom></contact><description value="Weight Status"/><jurisdiction><coding><system value="http://unstats.un.org/unsd/methods/m49/m49.htm"/><code value="001"/></coding></jurisdiction><immutable value="true"/><compose><include><system value="https://fhir.dk.swisstph-mis.ch/matchbox/fhir/CodeSystem/emcare-custom-codes"/><concept><code value="EmCare.B21S2.DE02"/><display value="Very Low Weight for Age"/><designation><value value="The client has a very low weight for age (Weight &lt; 2Kg and &lt;7 Days old)"/></designation></concept><concept><code value="EmCare.B21S2.DE03"/><display value="Low Weight for Age"/><designation><value value="The client has a low weight for age (derived from a WFA Z Score is &lt; -2)"/></designation></concept><concept><code value="EmCare.B21S2.DE04"/><display value="Normal Weight for Age"/><designation><value value="The client is a normal weight for age (derived from a normal WFA Z Score is ≥ -2"/></designation></concept></include></compose></ValueSet>