<?xml version="1.0" encoding="UTF-8"?><ValueSet xmlns="http://hl7.org/fhir"><id value="utensils-cleaned"/><text><status value="extensions"/><div xmlns="http://www.w3.org/1999/xhtml"><ul><li>Include these codes as defined in <a href="CodeSystem-emcare-custom-codes.html"><code>https://fhir.dk.swisstph-mis.ch/matchbox/fhir/CodeSystem/emcare-custom-codes</code></a><table class="none"><tr><td style="white-space:nowrap"><b>Code</b></td><td><b>Display</b></td><td><b>Definition</b></td></tr><tr><td><a href="CodeSystem-emcare-custom-codes.html#emcare-custom-codes-EmCare.46B21S2.46DE26">EmCare.B21S2.DE26</a></td><td>Feeding utensils not cleaned hygienically</td><td>The care giver is not cleaning the feeding utensils hygienically</td></tr><tr><td><a href="CodeSystem-emcare-custom-codes.html#emcare-custom-codes-EmCare.46B21S2.46DE25">EmCare.B21S2.DE25</a></td><td>Feeding utensils cleaned hygienically</td><td>The care giver is cleaning the feeding utensils hygienically</td></tr></table></li></ul></div></text><url value="https://fhir.dk.swisstph-mis.ch/matchbox/fhir/ValueSet/utensils-cleaned"/><version value="0.1.0"/><name value="valueset-utensils-cleaned"/><title value="EmCare.B21S2.DE24"/><status value="draft"/><experimental value="false"/><date value="2023-04-12T04:59:54+00:00"/><publisher value="World Health Organization (WHO)"/><contact><telecom><system value="url"/><value value="https://www.who.int"/></telecom></contact><description value="How are the feeding utensils cleaned?"/><jurisdiction><coding><system value="http://unstats.un.org/unsd/methods/m49/m49.htm"/><code value="001"/></coding></jurisdiction><immutable value="true"/><compose><include><system value="https://fhir.dk.swisstph-mis.ch/matchbox/fhir/CodeSystem/emcare-custom-codes"/><concept><code value="EmCare.B21S2.DE26"/><display value="Feeding utensils not cleaned hygienically"/><designation><value value="The care giver is not cleaning the feeding utensils hygienically"/></designation></concept><concept><code value="EmCare.B21S2.DE25"/><display value="Feeding utensils cleaned hygienically"/><designation><value value="The care giver is cleaning the feeding utensils hygienically"/></designation></concept></include></compose></ValueSet>