{"resourceType":"ActivityDefinition","id":"emcare.b18-21.symptoms.2m.m","extension":[{"url":"http://hl7.org/fhir/uv/cpg/StructureDefinition/cpg-knowledgeCapability","valueCode":"shareable"},{"url":"http://hl7.org/fhir/uv/cpg/StructureDefinition/cpg-knowledgeCapability","valueCode":"computable"},{"url":"http://hl7.org/fhir/uv/cpg/StructureDefinition/cpg-knowledgeCapability","valueCode":"publishable"},{"url":"http://hl7.org/fhir/uv/cpg/StructureDefinition/cpg-knowledgeRepresentationLevel","valueCode":"structured"},{"url":"http://hl7.org/fhir/uv/cpg/StructureDefinition/cpg-collectWith","valueCanonical":"https://fhir.dk.swisstph-mis.ch/matchbox/fhir/Questionnaire/emcare.b18-21.symptoms.2m.m"}],"url":"https://fhir.dk.swisstph-mis.ch/matchbox/fhir/ActivityDefinition/emcare.b18-21.symptoms.2m.m","version":"0.1.0","status":"active","experimental":false,"date":"2023-04-11T18:06:17+00:00","publisher":"World Health Organization (WHO)","contact":[{"telecom":[{"system":"url","value":"https://www.who.int"}]}],"useContext":[{"code":{"system":"http://terminology.hl7.org/CodeSystem/usage-context-type","code":"task"},"valueCodeableConcept":{"coding":[{"system":"http://terminology.hl7.org/CodeSystem/v3-ActCode","code":"PATDOC","display":"Collect infornation with questionnaire EmCare.B18-21.Symptoms.2m.m"}]}}],"jurisdiction":[{"coding":[{"system":"http://unstats.un.org/unsd/methods/m49/m49.htm","code":"001"}]}],"kind":"Task","profile":"http://hl7.org/fhir/uv/cpg/StructureDefinition/cpg-questionnairetask","code":{"coding":[{"system":"http://hl7.org/fhir/uv/cpg/CodeSystem/cpg-activity-type","code":"collect-information","display":"Collect information"}]},"dynamicValue":[{"path":"input.type","expression":{"language":"text/cql-expression","expression":"code"}},{"path":"input.value","expression":{"language":"text/cql-expression","expression":"extension('http://hl7.org/fhir/uv/cpg/StructureDefinition/cpg-collectWith').value"}}]}