{"resourceType":"ActivityDefinition","id":"emcarea.registration.p","extension":[{"url":"http://hl7.org/fhir/uv/cpg/StructureDefinition/cpg-knowledgeCapability","valueCode":"shareable"},{"url":"http://hl7.org/fhir/uv/cpg/StructureDefinition/cpg-knowledgeCapability","valueCode":"computable"},{"url":"http://hl7.org/fhir/uv/cpg/StructureDefinition/cpg-knowledgeCapability","valueCode":"publishable"},{"url":"http://hl7.org/fhir/uv/cpg/StructureDefinition/cpg-knowledgeRepresentationLevel","valueCode":"structured"},{"url":"http://hl7.org/fhir/uv/cpg/StructureDefinition/cpg-collectWith","valueCanonical":"https://fhir.dk.swisstph-mis.ch/matchbox/fhir/Questionnaire/emcarea.registration.p"}],"url":"https://fhir.dk.swisstph-mis.ch/matchbox/fhir/ActivityDefinition/emcarea.registration.p","version":"0.1.0","status":"active","experimental":false,"date":"2023-04-12T04:59:54+00:00","publisher":"World Health Organization (WHO)","contact":[{"telecom":[{"system":"url","value":"https://www.who.int"}]}],"useContext":[{"code":{"system":"http://terminology.hl7.org/CodeSystem/usage-context-type","code":"task"},"valueCodeableConcept":{"coding":[{"system":"http://terminology.hl7.org/CodeSystem/v3-ActCode","code":"PATDOC","display":"Collect infornation with questionnaire EmCareA.Registration.P"}]}}],"jurisdiction":[{"coding":[{"system":"http://unstats.un.org/unsd/methods/m49/m49.htm","code":"001"}]}],"kind":"Task","profile":"http://hl7.org/fhir/uv/cpg/StructureDefinition/cpg-questionnairetask","code":{"coding":[{"system":"http://hl7.org/fhir/uv/cpg/CodeSystem/cpg-activity-type","code":"collect-information","display":"Collect information"}]},"dynamicValue":[{"path":"input.type","expression":{"language":"text/cql-expression","expression":"code"}},{"path":"input.value","expression":{"language":"text/cql-expression","expression":"extension('http://hl7.org/fhir/uv/cpg/StructureDefinition/cpg-collectWith').value"}}]}