{"resourceType":"Library","id":"emcaretreatment","url":"https://fhir.dk.swisstph-mis.ch/matchbox/fhir/Library/emcaretreatment","identifier":[{"use":"official","value":"emcare.treatment"}],"version":"0.1.0","name":"emcaretreatment","title":"EmCare.Treatment","status":"active","type":{"coding":[{"system":"http://hl7.org/fhir/ValueSet/library-type","code":"logic-library"}]},"date":"2023-04-11T17:43:16+00:00","publisher":"World Health Organization (WHO)","contact":[{"telecom":[{"system":"url","value":"https://www.who.int"}]}],"jurisdiction":[{"coding":[{"system":"http://unstats.un.org/unsd/methods/m49/m49.htm","code":"001"}]}],"parameter":[{"name":"ageinmonths","use":"out","type":"integer"},{"name":"load-emcare.c10.it.de01","use":"out","type":"boolean"},{"name":"load-emcare.c10.it.de02","use":"out","type":"boolean"},{"name":"load-emcare.c10.it.de03","use":"out","type":"boolean"},{"name":"load-emcare.c10.it.de04","use":"out","type":"boolean"},{"name":"load-emcare.c10.it.de05","use":"out","type":"boolean"},{"name":"load-emcare.c10.it.de06","use":"out","type":"boolean"},{"name":"load-emcare.c10.it.de07","use":"out","type":"boolean"},{"name":"load-emcare.c10.it.de08","use":"out","type":"boolean"},{"name":"load-emcare.c10.it.de09","use":"out","type":"boolean"},{"name":"load-emcare.c10.it.de10","use":"out","type":"boolean"},{"name":"load-emcare.c10.it.de11","use":"out","type":"boolean"},{"name":"load-emcare.c10.it.de12","use":"out","type":"boolean"},{"name":"load-emcare.c10.it.de13","use":"out","type":"boolean"},{"name":"load-emcare.c10.it.de14","use":"out","type":"boolean"},{"name":"load-emcare.c10.it.de15","use":"out","type":"boolean"},{"name":"load-emcare.c10.it.de16","use":"out","type":"boolean"},{"name":"load-emcare.c10.it.de17","use":"out","type":"boolean"},{"name":"load-emcare.c10.it.de18","use":"out","type":"boolean"},{"name":"load-emcare.c10.it.de19","use":"out","type":"boolean"},{"name":"load-emcare.c10.it.de20","use":"out","type":"boolean"},{"name":"load-emcare.c10.it.de21","use":"out","type":"boolean"},{"name":"load-emcare.c10.it.de22","use":"out","type":"boolean"},{"name":"load-emcare.c10.it.de23","use":"out","type":"boolean"},{"name":"load-emcare.c10.it.de24","use":"out","type":"boolean"},{"name":"load-emcare.c10.it.de25","use":"out","type":"boolean"},{"name":"load-emcare.c10.it.de42","use":"out","type":"boolean"},{"name":"load-emcare.c10.it.de43","use":"out","type":"boolean"},{"name":"load-emcare.c10.it.de44","use":"out","type":"boolean"},{"name":"load-emcare.c10.it.de26","use":"out","type":"boolean"},{"name":"load-emcare.c10.it.de27","use":"out","type":"boolean"},{"name":"load-emcare.c10.it.de28","use":"out","type":"boolean"},{"name":"load-emcare.c10.it.de29","use":"out","type":"boolean"},{"name":"load-emcare.c10.it.de30","use":"out","type":"boolean"},{"name":"load-emcare.c10.it.de31","use":"out","type":"boolean"},{"name":"load-emcare.c10.it.de32","use":"out","type":"boolean"},{"name":"load-emcare.c10.it.de33","use":"out","type":"boolean"},{"name":"load-emcare.c10.it.de34","use":"out","type":"boolean"},{"name":"load-emcare.c10.it.de35","use":"out","type":"boolean"},{"name":"load-emcare.c10.it.de36","use":"out","type":"boolean"},{"name":"load-emcare.c10.it.de37","use":"out","type":"boolean"},{"name":"load-emcare.c10.it.de38","use":"out","type":"boolean"},{"name":"load-emcare.c10.it.de39","use":"out","type":"boolean"},{"name":"load-emcare.c10.it.de40","use":"out","type":"boolean"},{"name":"load-emcare.c10.it.de41","use":"out","type":"boolean"},{"name":"load-emcare.c10.it.de45","use":"out","type":"boolean"},{"name":"load-emcare.c10.it.de46","use":"out","type":"boolean"},{"name":"load-emcare.c10.it.de47","use":"out","type":"boolean"},{"name":"load-emcare.c10.it.de48","use":"out","type":"boolean"},{"name":"load-emcare.c10.it.de49","use":"out","type":"boolean"},{"name":"load-emcare.c10.it.de50","use":"out","type":"boolean"},{"name":"load-emcare.c10.it.de51","use":"out","type":"boolean"},{"name":"load-emcare.c10.it.de52","use":"out","type":"boolean"},{"name":"load-emcare.c10.it.de53","use":"out","type":"boolean"},{"name":"load-emcare.c10.it.de54","use":"out","type":"boolean"},{"name":"load-emcare.c10.it.de55","use":"out","type":"boolean"},{"name":"load-emcare.c10.it.de56","use":"out","type":"boolean"},{"name":"load-emcare.c10.it.de57","use":"out","type":"boolean"},{"name":"load-emcare.c10.it.de58","use":"out","type":"boolean"},{"name":"load-emcare.c10.it.de59","use":"out","type":"boolean"},{"name":"load-emcare.c10.it.de60","use":"out","type":"boolean"}]}