{"resourceType":"StructureMap","id":"emcare.b22.bronchodilatortest","text":{"status":"generated","div":"<div xmlns=\"http://www.w3.org/1999/xhtml\"><pre>map &quot;https://fhir.dk.swisstph-mis.ch/matchbox/fhir/StructureMap/emcare.b22.bronchodilatortest&quot; = &quot;emcare.b22.bronchodilatortest&quot;\r\n\r\n\r\nuses &quot;http://hl7.org/fhir/uv/sdc/StructureDefinition/sdc-questionnaireresponse&quot; alias 'questionnaireResponse' as source\r\nuses &quot;http://hl7.org/fhir/StructureDefinition/Bundle&quot; alias 'Bundle' as target\r\nuses &quot;https://fhir.dk.swisstph-mis.ch/matchbox/fhir/StructureDefinition/observation&quot; alias 'Observation' as target\r\nuses &quot;https://fhir.dk.swisstph-mis.ch/matchbox/fhir/StructureDefinition/emcareobservation&quot; alias 'EmCare Observation' as produced\r\n\r\ngroup bundletrans(source src : questionnaireResponse, target bundle : Bundle) {\r\n  src -&gt; bundle.id = uuid() &quot;id&quot;;\r\n  src -&gt; bundle.type = 'batch' &quot;type&quot;;\r\n  src where src.item.where(linkId = 'EmCare.B22.DE17').answer.where(value.code = 'EmCare.B22.DE18') then {\r\n    src.item first as item where (linkId = 'EmCare.B22.DE17') and answer.exists() then {\r\n      src -&gt; bundle.entry as entry then {\r\n        src -&gt;  entry.request as request,  request.method = 'POST',  uuid() as uuid,  request.url = append('/Observation/', uuid) &quot;b50ac4c5&quot;;\r\n        src -&gt; entry.resource = create('Observation') as tgt then {\r\n          src then emcareobservationemcareb22de17emcareb22de18t(src, tgt) &quot;4b4e3882&quot;;\r\n        } &quot;a29f448d&quot;;\r\n      } &quot;8c5fbec1&quot;;\r\n    } &quot;b0f57b45&quot;;\r\n  } &quot;21951d21&quot;;\r\n  src where src.item.where(linkId = 'EmCare.B22.DE17').exists() and src.item.where(linkId = 'EmCare.B22.DE17').answer.where(value.code = 'EmCare.B22.DE18').empty() then {\r\n    src.item first as item where (linkId = 'EmCare.B22.DE17') and answer.exists() then {\r\n      src -&gt; bundle.entry as entry then {\r\n        src -&gt;  entry.request as request,  request.method = 'POST',  uuid() as uuid,  request.url = append('/Observation/', uuid) &quot;b50ac4c5&quot;;\r\n        src -&gt; entry.resource = create('Observation') as tgt then {\r\n          src then emcareobservationemcareb22de17emcareb22de18f(src, tgt) &quot;4fd23ec4&quot;;\r\n        } &quot;e477bbcc&quot;;\r\n      } &quot;c329f1a7&quot;;\r\n    } &quot;78424877&quot;;\r\n  } &quot;c5976cd7&quot;;\r\n  src where src.item.where(linkId = 'EmCare.B22.DE17').answer.where(value.code = 'EmCare.B22.DE19') then {\r\n    src.item first as item where (linkId = 'EmCare.B22.DE17') and answer.exists() then {\r\n      src -&gt; bundle.entry as entry then {\r\n        src -&gt;  entry.request as request,  request.method = 'POST',  uuid() as uuid,  request.url = append('/Observation/', uuid) &quot;b50ac4c5&quot;;\r\n        src -&gt; entry.resource = create('Observation') as tgt then {\r\n          src then emcareobservationemcareb22de17emcareb22de19t(src, tgt) &quot;832556c2&quot;;\r\n        } &quot;25d864fa&quot;;\r\n      } &quot;d659dd64&quot;;\r\n    } &quot;5b545a39&quot;;\r\n  } &quot;5e2e09fd&quot;;\r\n  src where src.item.where(linkId = 'EmCare.B22.DE17').exists() and src.item.where(linkId = 'EmCare.B22.DE17').answer.where(value.code = 'EmCare.B22.DE19').empty() then {\r\n    src.item first as item where (linkId = 'EmCare.B22.DE17') and answer.exists() then {\r\n      src -&gt; bundle.entry as entry then {\r\n        src -&gt;  entry.request as request,  request.method = 'POST',  uuid() as uuid,  request.url = append('/Observation/', uuid) &quot;b50ac4c5&quot;;\r\n        src -&gt; entry.resource = create('Observation') as tgt then {\r\n          src then emcareobservationemcareb22de17emcareb22de19f(src, tgt) &quot;917126ea&quot;;\r\n        } &quot;4d341549&quot;;\r\n      } &quot;7cf5a310&quot;;\r\n    } &quot;c89d7013&quot;;\r\n  } &quot;9e5f2bdb&quot;;\r\n  src where src.item.where(linkId = 'EmCare.B22.DE17').answer.where(value.code = 'EmCare.B22.DE20') then {\r\n    src.item first as item where (linkId = 'EmCare.B22.DE17') and answer.exists() then {\r\n      src -&gt; bundle.entry as entry then {\r\n        src -&gt;  entry.request as request,  request.method = 'POST',  uuid() as uuid,  request.url = append('/Observation/', uuid) &quot;b50ac4c5&quot;;\r\n        src -&gt; entry.resource = create('Observation') as tgt then {\r\n          src then emcareobservationemcareb22de17emcareb22de20t(src, tgt) &quot;178da581&quot;;\r\n        } &quot;1e80b046&quot;;\r\n      } &quot;d67193a2&quot;;\r\n    } &quot;59186280&quot;;\r\n  } &quot;f429fd81&quot;;\r\n  src where src.item.where(linkId = 'EmCare.B22.DE17').exists() and src.item.where(linkId = 'EmCare.B22.DE17').answer.where(value.code = 'EmCare.B22.DE20').empty() then {\r\n    src.item first as item where (linkId = 'EmCare.B22.DE17') and answer.exists() then {\r\n      src -&gt; bundle.entry as entry then {\r\n        src -&gt;  entry.request as request,  request.method = 'POST',  uuid() as uuid,  request.url = append('/Observation/', uuid) &quot;b50ac4c5&quot;;\r\n        src -&gt; entry.resource = create('Observation') as tgt then {\r\n          src then emcareobservationemcareb22de17emcareb22de20f(src, tgt) &quot;4fa88d49&quot;;\r\n        } &quot;30a84474&quot;;\r\n      } &quot;25416983&quot;;\r\n    } &quot;7552e3d3&quot;;\r\n  } &quot;8363b35b&quot;;\r\n  src where src.item.where(linkId = 'EmCare.B22.DE17').answer.where(value.code = 'EmCare.B22.DE21') then {\r\n    src.item first as item where (linkId = 'EmCare.B22.DE17') and answer.exists() then {\r\n      src -&gt; bundle.entry as entry then {\r\n        src -&gt;  entry.request as request,  request.method = 'POST',  uuid() as uuid,  request.url = append('/Observation/', uuid) &quot;b50ac4c5&quot;;\r\n        src -&gt; entry.resource = create('Observation') as tgt then {\r\n          src then emcareobservationemcareb22de17emcareb22de21t(src, tgt) &quot;628bfa1d&quot;;\r\n        } &quot;0bf9d78c&quot;;\r\n      } &quot;b0fa129e&quot;;\r\n    } &quot;913a00ce&quot;;\r\n  } &quot;1561f370&quot;;\r\n  src where src.item.where(linkId = 'EmCare.B22.DE17').exists() and src.item.where(linkId = 'EmCare.B22.DE17').answer.where(value.code = 'EmCare.B22.DE21').empty() then {\r\n    src.item first as item where (linkId = 'EmCare.B22.DE17') and answer.exists() then {\r\n      src -&gt; bundle.entry as entry then {\r\n        src -&gt;  entry.request as request,  request.method = 'POST',  uuid() as uuid,  request.url = append('/Observation/', uuid) &quot;b50ac4c5&quot;;\r\n        src -&gt; entry.resource = create('Observation') as tgt then {\r\n          src then emcareobservationemcareb22de17emcareb22de21f(src, tgt) &quot;f42ef3e7&quot;;\r\n        } &quot;65279195&quot;;\r\n      } &quot;954bbaec&quot;;\r\n    } &quot;f61383c6&quot;;\r\n  } &quot;530338c0&quot;;\r\n  src where src.item.where(linkId = 'EmCare.B22.DE17').answer.where(value.code = 'EmCare.B22.DE22') then {\r\n    src.item first as item where (linkId = 'EmCare.B22.DE17') and answer.exists() then {\r\n      src -&gt; bundle.entry as entry then {\r\n        src -&gt;  entry.request as request,  request.method = 'POST',  uuid() as uuid,  request.url = append('/Observation/', uuid) &quot;b50ac4c5&quot;;\r\n        src -&gt; entry.resource = create('Observation') as tgt then {\r\n          src then emcareobservationemcareb22de17emcareb22de22t(src, tgt) &quot;a1caf2e7&quot;;\r\n        } &quot;cea3f121&quot;;\r\n      } &quot;f3d4e5ff&quot;;\r\n    } &quot;119d61d2&quot;;\r\n  } &quot;ba871435&quot;;\r\n  src where src.item.where(linkId = 'EmCare.B22.DE17').exists() and src.item.where(linkId = 'EmCare.B22.DE17').answer.where(value.code = 'EmCare.B22.DE22').empty() then {\r\n    src.item first as item where (linkId = 'EmCare.B22.DE17') and answer.exists() then {\r\n      src -&gt; bundle.entry as entry then {\r\n        src -&gt;  entry.request as request,  request.method = 'POST',  uuid() as uuid,  request.url = append('/Observation/', uuid) &quot;b50ac4c5&quot;;\r\n        src -&gt; entry.resource = create('Observation') as tgt then {\r\n          src then emcareobservationemcareb22de17emcareb22de22f(src, tgt) &quot;df402cb9&quot;;\r\n        } &quot;a7736492&quot;;\r\n      } &quot;0fd648ea&quot;;\r\n    } &quot;cad5ab21&quot;;\r\n  } &quot;e57a3dc1&quot;;\r\n  src.item first as item where (linkId = 'EmCare.B22.DE22') and answer.exists() then {\r\n    src -&gt; bundle.entry as entry then {\r\n      src -&gt;  entry.request as request,  request.method = 'POST',  uuid() as uuid,  request.url = append('/Observation/', uuid) &quot;b50ac4c5&quot;;\r\n      src -&gt; entry.resource = create('Observation') as tgt then {\r\n        src -&gt; tgt then emcareobservationemcareb22de22(src, tgt) &quot;b9010fac&quot;;\r\n      } &quot;109bcf94&quot;;\r\n    } &quot;88ceffcd&quot;;\r\n  } &quot;88960ea0&quot;;\r\n  src.item first as item where (linkId = 'EmCare.B22.DE21') and answer.exists() then {\r\n    src -&gt; bundle.entry as entry then {\r\n      src -&gt;  entry.request as request,  request.method = 'POST',  uuid() as uuid,  request.url = append('/Observation/', uuid) &quot;b50ac4c5&quot;;\r\n      src -&gt; entry.resource = create('Observation') as tgt then {\r\n        src -&gt; tgt then emcareobservationemcareb22de21(src, tgt) &quot;7c45409d&quot;;\r\n      } &quot;ec6cbc70&quot;;\r\n    } &quot;2bc763d0&quot;;\r\n  } &quot;86c6f66b&quot;;\r\n}\r\n\r\ngroup emcareobservationemcareb22de17emcareb22de18t(source src, target tgt) {\r\n  src -&gt;  tgt.identifier = create('Identifier') as CodeID,  CodeID.system = 'http://hl7.org/fhir/namingsystem-identifier-type',  CodeID.use = 'official',  CodeID.value = 'uuid',  CodeID.id = uuid() &quot;id-emcareobservationemcareb22de17emcareb22de18t&quot;;\r\n  src.encounter as encounter -&gt; tgt.encounter = encounter &quot;35bc6b82&quot;;\r\n  src.subject as subject -&gt;  tgt.subject = subject,  tgt.meta = create('Meta') as newMeta,  newMeta.profile = 'https://fhir.dk.swisstph-mis.ch/matchbox/fhir/StructureDefinition/emcareobservation',  tgt.code = create('CodeableConcept') as concept,  concept.coding = create('Coding') as coding,  coding.system = 'https://fhir.dk.swisstph-mis.ch/matchbox/fhir/CodeSystem/emcare-custom-codes',  coding.code = 'EmCare.B22.DE17&amp;EmCare.B22.DE18' &quot;code-emcareobservationemcareb22de17emcareb22de18t&quot;;\r\n  src.item as itemtimestamp where linkId = 'timestamp' then {\r\n    itemtimestamp.answer first as atimestamp then {\r\n      atimestamp.value as val -&gt; tgt.issued = val &quot;5af77f2c&quot;;\r\n    } &quot;7f22f29f&quot;;\r\n  } &quot;aae7a11d&quot;;\r\n  src.subject as subject -&gt; tgt.subject = subject &quot;patient&quot;;\r\n  src -&gt;  tgt.status = 'final',  tgt.value = true &quot;e9d639e1&quot;;\r\n}\r\n\r\ngroup emcareobservationemcareb22de17emcareb22de18f(source src, target tgt) {\r\n  src -&gt;  tgt.identifier = create('Identifier') as CodeID,  CodeID.system = 'http://hl7.org/fhir/namingsystem-identifier-type',  CodeID.use = 'official',  CodeID.value = 'uuid',  CodeID.id = uuid() &quot;id-emcareobservationemcareb22de17emcareb22de18f&quot;;\r\n  src.encounter as encounter -&gt; tgt.encounter = encounter &quot;35bc6b82&quot;;\r\n  src.subject as subject -&gt;  tgt.subject = subject,  tgt.meta = create('Meta') as newMeta,  newMeta.profile = 'https://fhir.dk.swisstph-mis.ch/matchbox/fhir/StructureDefinition/emcareobservation',  tgt.code = create('CodeableConcept') as concept,  concept.coding = create('Coding') as coding,  coding.system = 'https://fhir.dk.swisstph-mis.ch/matchbox/fhir/CodeSystem/emcare-custom-codes',  coding.code = 'EmCare.B22.DE17&amp;EmCare.B22.DE18' &quot;code-emcareobservationemcareb22de17emcareb22de18f&quot;;\r\n  src.item as itemtimestamp where linkId = 'timestamp' then {\r\n    itemtimestamp.answer first as atimestamp then {\r\n      atimestamp.value as val -&gt; tgt.issued = val &quot;5af77f2c&quot;;\r\n    } &quot;7f22f29f&quot;;\r\n  } &quot;aae7a11d&quot;;\r\n  src.subject as subject -&gt; tgt.subject = subject &quot;patient&quot;;\r\n  src -&gt;  tgt.status = 'cancelled',  tgt.value = false &quot;f21d6e36&quot;;\r\n}\r\n\r\ngroup emcareobservationemcareb22de17emcareb22de19t(source src, target tgt) {\r\n  src -&gt;  tgt.identifier = create('Identifier') as CodeID,  CodeID.system = 'http://hl7.org/fhir/namingsystem-identifier-type',  CodeID.use = 'official',  CodeID.value = 'uuid',  CodeID.id = uuid() &quot;id-emcareobservationemcareb22de17emcareb22de19t&quot;;\r\n  src.encounter as encounter -&gt; tgt.encounter = encounter &quot;35bc6b82&quot;;\r\n  src.subject as subject -&gt;  tgt.subject = subject,  tgt.meta = create('Meta') as newMeta,  newMeta.profile = 'https://fhir.dk.swisstph-mis.ch/matchbox/fhir/StructureDefinition/emcareobservation',  tgt.code = create('CodeableConcept') as concept,  concept.coding = create('Coding') as coding,  coding.system = 'https://fhir.dk.swisstph-mis.ch/matchbox/fhir/CodeSystem/emcare-custom-codes',  coding.code = 'EmCare.B22.DE17&amp;EmCare.B22.DE19' &quot;code-emcareobservationemcareb22de17emcareb22de19t&quot;;\r\n  src.item as itemtimestamp where linkId = 'timestamp' then {\r\n    itemtimestamp.answer first as atimestamp then {\r\n      atimestamp.value as val -&gt; tgt.issued = val &quot;5af77f2c&quot;;\r\n    } &quot;7f22f29f&quot;;\r\n  } &quot;aae7a11d&quot;;\r\n  src.subject as subject -&gt; tgt.subject = subject &quot;patient&quot;;\r\n  src -&gt;  tgt.status = 'final',  tgt.value = true &quot;e9d639e1&quot;;\r\n}\r\n\r\ngroup emcareobservationemcareb22de17emcareb22de19f(source src, target tgt) {\r\n  src -&gt;  tgt.identifier = create('Identifier') as CodeID,  CodeID.system = 'http://hl7.org/fhir/namingsystem-identifier-type',  CodeID.use = 'official',  CodeID.value = 'uuid',  CodeID.id = uuid() &quot;id-emcareobservationemcareb22de17emcareb22de19f&quot;;\r\n  src.encounter as encounter -&gt; tgt.encounter = encounter &quot;35bc6b82&quot;;\r\n  src.subject as subject -&gt;  tgt.subject = subject,  tgt.meta = create('Meta') as newMeta,  newMeta.profile = 'https://fhir.dk.swisstph-mis.ch/matchbox/fhir/StructureDefinition/emcareobservation',  tgt.code = create('CodeableConcept') as concept,  concept.coding = create('Coding') as coding,  coding.system = 'https://fhir.dk.swisstph-mis.ch/matchbox/fhir/CodeSystem/emcare-custom-codes',  coding.code = 'EmCare.B22.DE17&amp;EmCare.B22.DE19' &quot;code-emcareobservationemcareb22de17emcareb22de19f&quot;;\r\n  src.item as itemtimestamp where linkId = 'timestamp' then {\r\n    itemtimestamp.answer first as atimestamp then {\r\n      atimestamp.value as val -&gt; tgt.issued = val &quot;5af77f2c&quot;;\r\n    } &quot;7f22f29f&quot;;\r\n  } &quot;aae7a11d&quot;;\r\n  src.subject as subject -&gt; tgt.subject = subject &quot;patient&quot;;\r\n  src -&gt;  tgt.status = 'cancelled',  tgt.value = false &quot;f21d6e36&quot;;\r\n}\r\n\r\ngroup emcareobservationemcareb22de17emcareb22de20t(source src, target tgt) {\r\n  src -&gt;  tgt.identifier = create('Identifier') as CodeID,  CodeID.system = 'http://hl7.org/fhir/namingsystem-identifier-type',  CodeID.use = 'official',  CodeID.value = 'uuid',  CodeID.id = uuid() &quot;id-emcareobservationemcareb22de17emcareb22de20t&quot;;\r\n  src.encounter as encounter -&gt; tgt.encounter = encounter &quot;35bc6b82&quot;;\r\n  src.subject as subject -&gt;  tgt.subject = subject,  tgt.meta = create('Meta') as newMeta,  newMeta.profile = 'https://fhir.dk.swisstph-mis.ch/matchbox/fhir/StructureDefinition/emcareobservation',  tgt.code = create('CodeableConcept') as concept,  concept.coding = create('Coding') as coding,  coding.system = 'https://fhir.dk.swisstph-mis.ch/matchbox/fhir/CodeSystem/emcare-custom-codes',  coding.code = 'EmCare.B22.DE17&amp;EmCare.B22.DE20' &quot;code-emcareobservationemcareb22de17emcareb22de20t&quot;;\r\n  src.item as itemtimestamp where linkId = 'timestamp' then {\r\n    itemtimestamp.answer first as atimestamp then {\r\n      atimestamp.value as val -&gt; tgt.issued = val &quot;5af77f2c&quot;;\r\n    } &quot;7f22f29f&quot;;\r\n  } &quot;aae7a11d&quot;;\r\n  src.subject as subject -&gt; tgt.subject = subject &quot;patient&quot;;\r\n  src -&gt;  tgt.status = 'final',  tgt.value = true &quot;e9d639e1&quot;;\r\n}\r\n\r\ngroup emcareobservationemcareb22de17emcareb22de20f(source src, target tgt) {\r\n  src -&gt;  tgt.identifier = create('Identifier') as CodeID,  CodeID.system = 'http://hl7.org/fhir/namingsystem-identifier-type',  CodeID.use = 'official',  CodeID.value = 'uuid',  CodeID.id = uuid() &quot;id-emcareobservationemcareb22de17emcareb22de20f&quot;;\r\n  src.encounter as encounter -&gt; tgt.encounter = encounter &quot;35bc6b82&quot;;\r\n  src.subject as subject -&gt;  tgt.subject = subject,  tgt.meta = create('Meta') as newMeta,  newMeta.profile = 'https://fhir.dk.swisstph-mis.ch/matchbox/fhir/StructureDefinition/emcareobservation',  tgt.code = create('CodeableConcept') as concept,  concept.coding = create('Coding') as coding,  coding.system = 'https://fhir.dk.swisstph-mis.ch/matchbox/fhir/CodeSystem/emcare-custom-codes',  coding.code = 'EmCare.B22.DE17&amp;EmCare.B22.DE20' &quot;code-emcareobservationemcareb22de17emcareb22de20f&quot;;\r\n  src.item as itemtimestamp where linkId = 'timestamp' then {\r\n    itemtimestamp.answer first as atimestamp then {\r\n      atimestamp.value as val -&gt; tgt.issued = val &quot;5af77f2c&quot;;\r\n    } &quot;7f22f29f&quot;;\r\n  } &quot;aae7a11d&quot;;\r\n  src.subject as subject -&gt; tgt.subject = subject &quot;patient&quot;;\r\n  src -&gt;  tgt.status = 'cancelled',  tgt.value = false &quot;f21d6e36&quot;;\r\n}\r\n\r\ngroup emcareobservationemcareb22de17emcareb22de21t(source src, target tgt) {\r\n  src -&gt;  tgt.identifier = create('Identifier') as CodeID,  CodeID.system = 'http://hl7.org/fhir/namingsystem-identifier-type',  CodeID.use = 'official',  CodeID.value = 'uuid',  CodeID.id = uuid() &quot;id-emcareobservationemcareb22de17emcareb22de21t&quot;;\r\n  src.encounter as encounter -&gt; tgt.encounter = encounter &quot;35bc6b82&quot;;\r\n  src.subject as subject -&gt;  tgt.subject = subject,  tgt.meta = create('Meta') as newMeta,  newMeta.profile = 'https://fhir.dk.swisstph-mis.ch/matchbox/fhir/StructureDefinition/emcareobservation',  tgt.code = create('CodeableConcept') as concept,  concept.coding = create('Coding') as coding,  coding.system = 'https://fhir.dk.swisstph-mis.ch/matchbox/fhir/CodeSystem/emcare-custom-codes',  coding.code = 'EmCare.B22.DE17&amp;EmCare.B22.DE21' &quot;code-emcareobservationemcareb22de17emcareb22de21t&quot;;\r\n  src.item as itemtimestamp where linkId = 'timestamp' then {\r\n    itemtimestamp.answer first as atimestamp then {\r\n      atimestamp.value as val -&gt; tgt.issued = val &quot;5af77f2c&quot;;\r\n    } &quot;7f22f29f&quot;;\r\n  } &quot;aae7a11d&quot;;\r\n  src.subject as subject -&gt; tgt.subject = subject &quot;patient&quot;;\r\n  src -&gt;  tgt.status = 'final',  tgt.value = true &quot;e9d639e1&quot;;\r\n}\r\n\r\ngroup emcareobservationemcareb22de17emcareb22de21f(source src, target tgt) {\r\n  src -&gt;  tgt.identifier = create('Identifier') as CodeID,  CodeID.system = 'http://hl7.org/fhir/namingsystem-identifier-type',  CodeID.use = 'official',  CodeID.value = 'uuid',  CodeID.id = uuid() &quot;id-emcareobservationemcareb22de17emcareb22de21f&quot;;\r\n  src.encounter as encounter -&gt; tgt.encounter = encounter &quot;35bc6b82&quot;;\r\n  src.subject as subject -&gt;  tgt.subject = subject,  tgt.meta = create('Meta') as newMeta,  newMeta.profile = 'https://fhir.dk.swisstph-mis.ch/matchbox/fhir/StructureDefinition/emcareobservation',  tgt.code = create('CodeableConcept') as concept,  concept.coding = create('Coding') as coding,  coding.system = 'https://fhir.dk.swisstph-mis.ch/matchbox/fhir/CodeSystem/emcare-custom-codes',  coding.code = 'EmCare.B22.DE17&amp;EmCare.B22.DE21' &quot;code-emcareobservationemcareb22de17emcareb22de21f&quot;;\r\n  src.item as itemtimestamp where linkId = 'timestamp' then {\r\n    itemtimestamp.answer first as atimestamp then {\r\n      atimestamp.value as val -&gt; tgt.issued = val &quot;5af77f2c&quot;;\r\n    } &quot;7f22f29f&quot;;\r\n  } &quot;aae7a11d&quot;;\r\n  src.subject as subject -&gt; tgt.subject = subject &quot;patient&quot;;\r\n  src -&gt;  tgt.status = 'cancelled',  tgt.value = false &quot;f21d6e36&quot;;\r\n}\r\n\r\ngroup emcareobservationemcareb22de17emcareb22de22t(source src, target tgt) {\r\n  src -&gt;  tgt.identifier = create('Identifier') as CodeID,  CodeID.system = 'http://hl7.org/fhir/namingsystem-identifier-type',  CodeID.use = 'official',  CodeID.value = 'uuid',  CodeID.id = uuid() &quot;id-emcareobservationemcareb22de17emcareb22de22t&quot;;\r\n  src.encounter as encounter -&gt; tgt.encounter = encounter &quot;35bc6b82&quot;;\r\n  src.subject as subject -&gt;  tgt.subject = subject,  tgt.meta = create('Meta') as newMeta,  newMeta.profile = 'https://fhir.dk.swisstph-mis.ch/matchbox/fhir/StructureDefinition/emcareobservation',  tgt.code = create('CodeableConcept') as concept,  concept.coding = create('Coding') as coding,  coding.system = 'https://fhir.dk.swisstph-mis.ch/matchbox/fhir/CodeSystem/emcare-custom-codes',  coding.code = 'EmCare.B22.DE17&amp;EmCare.B22.DE22' &quot;code-emcareobservationemcareb22de17emcareb22de22t&quot;;\r\n  src.item as itemtimestamp where linkId = 'timestamp' then {\r\n    itemtimestamp.answer first as atimestamp then {\r\n      atimestamp.value as val -&gt; tgt.issued = val &quot;5af77f2c&quot;;\r\n    } &quot;7f22f29f&quot;;\r\n  } &quot;aae7a11d&quot;;\r\n  src.subject as subject -&gt; tgt.subject = subject &quot;patient&quot;;\r\n  src -&gt;  tgt.status = 'final',  tgt.value = true &quot;e9d639e1&quot;;\r\n}\r\n\r\ngroup emcareobservationemcareb22de17emcareb22de22f(source src, target tgt) {\r\n  src -&gt;  tgt.identifier = create('Identifier') as CodeID,  CodeID.system = 'http://hl7.org/fhir/namingsystem-identifier-type',  CodeID.use = 'official',  CodeID.value = 'uuid',  CodeID.id = uuid() &quot;id-emcareobservationemcareb22de17emcareb22de22f&quot;;\r\n  src.encounter as encounter -&gt; tgt.encounter = encounter &quot;35bc6b82&quot;;\r\n  src.subject as subject -&gt;  tgt.subject = subject,  tgt.meta = create('Meta') as newMeta,  newMeta.profile = 'https://fhir.dk.swisstph-mis.ch/matchbox/fhir/StructureDefinition/emcareobservation',  tgt.code = create('CodeableConcept') as concept,  concept.coding = create('Coding') as coding,  coding.system = 'https://fhir.dk.swisstph-mis.ch/matchbox/fhir/CodeSystem/emcare-custom-codes',  coding.code = 'EmCare.B22.DE17&amp;EmCare.B22.DE22' &quot;code-emcareobservationemcareb22de17emcareb22de22f&quot;;\r\n  src.item as itemtimestamp where linkId = 'timestamp' then {\r\n    itemtimestamp.answer first as atimestamp then {\r\n      atimestamp.value as val -&gt; tgt.issued = val &quot;5af77f2c&quot;;\r\n    } &quot;7f22f29f&quot;;\r\n  } &quot;aae7a11d&quot;;\r\n  src.subject as subject -&gt; tgt.subject = subject &quot;patient&quot;;\r\n  src -&gt;  tgt.status = 'cancelled',  tgt.value = false &quot;f21d6e36&quot;;\r\n}\r\n\r\ngroup emcareobservationemcareb22de22(source src, target tgt) {\r\n  src -&gt;  tgt.identifier = create('Identifier') as CodeID,  CodeID.system = 'http://hl7.org/fhir/namingsystem-identifier-type',  CodeID.use = 'official',  CodeID.value = 'uuid',  CodeID.id = uuid() &quot;id-emcareb22de22&quot;;\r\n  src.encounter as encounter -&gt; tgt.encounter = encounter &quot;35bc6b82&quot;;\r\n  src.subject as subject -&gt;  tgt.subject = subject,  tgt.meta = create('Meta') as newMeta,  newMeta.profile = 'https://fhir.dk.swisstph-mis.ch/matchbox/fhir/StructureDefinition/emcareobservation',  tgt.code = create('CodeableConcept') as concept,  concept.coding = create('Coding') as coding,  coding.system = 'https://fhir.dk.swisstph-mis.ch/matchbox/fhir/CodeSystem/emcare-custom-codes',  coding.code = 'EmCare.B22.DE22' &quot;code-emcareb22de22&quot;;\r\n  src.item as itemtimestamp where linkId = 'timestamp' then {\r\n    itemtimestamp.answer first as atimestamp then {\r\n      atimestamp.value as val -&gt; tgt.issued = val &quot;5af77f2c&quot;;\r\n    } &quot;7f22f29f&quot;;\r\n  } &quot;aae7a11d&quot;;\r\n  src.subject as subject -&gt; tgt.subject = subject &quot;patient&quot;;\r\n  src.item first as item where (linkId = 'EmCare.B22.DE22') and answer.exists() then {\r\n    item.answer first as a then {\r\n      a.value as val then {\r\n        val where val.code = 'true' -&gt;  tgt.status = 'final',  tgt.value = true &quot;8a65aaa5&quot;;\r\n      } &quot;26c2c8c7&quot;;\r\n    } &quot;721205d5&quot;;\r\n  } &quot;dd2a446b&quot;;\r\n}\r\n\r\ngroup emcareobservationemcareb22de21(source src, target tgt) {\r\n  src -&gt;  tgt.identifier = create('Identifier') as CodeID,  CodeID.system = 'http://hl7.org/fhir/namingsystem-identifier-type',  CodeID.use = 'official',  CodeID.value = 'uuid',  CodeID.id = uuid() &quot;id-emcareb22de21&quot;;\r\n  src.encounter as encounter -&gt; tgt.encounter = encounter &quot;35bc6b82&quot;;\r\n  src.subject as subject -&gt;  tgt.subject = subject,  tgt.meta = create('Meta') as newMeta,  newMeta.profile = 'https://fhir.dk.swisstph-mis.ch/matchbox/fhir/StructureDefinition/emcareobservation',  tgt.code = create('CodeableConcept') as concept,  concept.coding = create('Coding') as coding,  coding.system = 'https://fhir.dk.swisstph-mis.ch/matchbox/fhir/CodeSystem/emcare-custom-codes',  coding.code = 'EmCare.B22.DE21' &quot;code-emcareb22de21&quot;;\r\n  src.item as itemtimestamp where linkId = 'timestamp' then {\r\n    itemtimestamp.answer first as atimestamp then {\r\n      atimestamp.value as val -&gt; tgt.issued = val &quot;5af77f2c&quot;;\r\n    } &quot;7f22f29f&quot;;\r\n  } &quot;aae7a11d&quot;;\r\n  src.subject as subject -&gt; tgt.subject = subject &quot;patient&quot;;\r\n  src.item first as item where (linkId = 'EmCare.B22.DE21') and answer.exists() then {\r\n    item.answer first as a then {\r\n      a where a.value = true -&gt;  tgt.status = 'final',  tgt.value = true &quot;final-emcareb22de21&quot;;\r\n      a where a.value = false -&gt;  tgt.status = 'cancelled',  tgt.value = false &quot;notfound-emcareb22de21&quot;;\r\n    } &quot;bdab9370&quot;;\r\n  } &quot;be0b9dbe&quot;;\r\n}\r\n\r\n</pre></div>"},"url":"https://fhir.dk.swisstph-mis.ch/matchbox/fhir/StructureMap/emcare.b22.bronchodilatortest","version":"0.1.0","name":"emcare.b22.bronchodilatortest","status":"active","date":"2023-04-12T04:59:54+00:00","publisher":"World Health Organization (WHO)","contact":[{"telecom":[{"system":"url","value":"https://www.who.int"}]}],"jurisdiction":[{"coding":[{"system":"http://unstats.un.org/unsd/methods/m49/m49.htm","code":"001"}]}],"structure":[{"url":"http://hl7.org/fhir/uv/sdc/StructureDefinition/sdc-questionnaireresponse","mode":"source","alias":"'questionnaireResponse'"},{"url":"http://hl7.org/fhir/StructureDefinition/Bundle","mode":"target","alias":"'Bundle'"},{"url":"https://fhir.dk.swisstph-mis.ch/matchbox/fhir/StructureDefinition/observation","mode":"target","alias":"'Observation'"},{"url":"https://fhir.dk.swisstph-mis.ch/matchbox/fhir/StructureDefinition/emcareobservation","mode":"produced","alias":"'EmCare Observation'"}],"group":[{"name":"bundletrans","typeMode":"none","input":[{"name":"src","type":"questionnaireResponse","mode":"source"},{"name":"bundle","type":"Bundle","mode":"target"}],"rule":[{"name":"id","source":[{"context":"src"}],"target":[{"context":"bundle","contextType":"variable","element":"id","transform":"uuid"}]},{"name":"type","source":[{"context":"src"}],"target":[{"context":"bundle","contextType":"variable","element":"type","transform":"copy","parameter":[{"valueString":"batch"}]}]},{"name":"21951d21","source":[{"context":"src","condition":"src.item.where(linkId = 'EmCare.B22.DE17').answer.where(value.code = 'EmCare.B22.DE18')"}],"rule":[{"name":"b0f57b45","source":[{"context":"src","element":"item","listMode":"first","variable":"item","condition":"(linkId = 'EmCare.B22.DE17') and answer.exists()"}],"rule":[{"name":"8c5fbec1","source":[{"context":"src"}],"target":[{"context":"bundle","contextType":"variable","element":"entry","variable":"entry"}],"rule":[{"name":"b50ac4c5","source":[{"context":"src"}],"target":[{"context":"entry","contextType":"variable","element":"request","variable":"request"},{"context":"request","contextType":"variable","element":"method","transform":"copy","parameter":[{"valueString":"POST"}]},{"contextType":"variable","variable":"uuid","transform":"uuid"},{"context":"request","contextType":"variable","element":"url","transform":"append","parameter":[{"valueString":"/Observation/"},{"valueId":"uuid"}]}]},{"name":"a29f448d","source":[{"context":"src"}],"target":[{"context":"entry","contextType":"variable","element":"resource","variable":"tgt","transform":"create","parameter":[{"valueString":"Observation"}]}],"rule":[{"name":"4b4e3882","source":[{"context":"src"}],"dependent":[{"name":"emcareobservationemcareb22de17emcareb22de18t","variable":["src","tgt"],"_variable":[{"extension":[{"url":"http://hl7.org/fhir/tools/StructureDefinition/original-item-type","valueUrl":"id"}]},{"extension":[{"url":"http://hl7.org/fhir/tools/StructureDefinition/original-item-type","valueUrl":"id"}]}]}]}]}]}]}]},{"name":"c5976cd7","source":[{"context":"src","condition":"src.item.where(linkId = 'EmCare.B22.DE17').exists() and src.item.where(linkId = 'EmCare.B22.DE17').answer.where(value.code = 'EmCare.B22.DE18').empty()"}],"rule":[{"name":"78424877","source":[{"context":"src","element":"item","listMode":"first","variable":"item","condition":"(linkId = 'EmCare.B22.DE17') and answer.exists()"}],"rule":[{"name":"c329f1a7","source":[{"context":"src"}],"target":[{"context":"bundle","contextType":"variable","element":"entry","variable":"entry"}],"rule":[{"name":"b50ac4c5","source":[{"context":"src"}],"target":[{"context":"entry","contextType":"variable","element":"request","variable":"request"},{"context":"request","contextType":"variable","element":"method","transform":"copy","parameter":[{"valueString":"POST"}]},{"contextType":"variable","variable":"uuid","transform":"uuid"},{"context":"request","contextType":"variable","element":"url","transform":"append","parameter":[{"valueString":"/Observation/"},{"valueId":"uuid"}]}]},{"name":"e477bbcc","source":[{"context":"src"}],"target":[{"context":"entry","contextType":"variable","element":"resource","variable":"tgt","transform":"create","parameter":[{"valueString":"Observation"}]}],"rule":[{"name":"4fd23ec4","source":[{"context":"src"}],"dependent":[{"name":"emcareobservationemcareb22de17emcareb22de18f","variable":["src","tgt"],"_variable":[{"extension":[{"url":"http://hl7.org/fhir/tools/StructureDefinition/original-item-type","valueUrl":"id"}]},{"extension":[{"url":"http://hl7.org/fhir/tools/StructureDefinition/original-item-type","valueUrl":"id"}]}]}]}]}]}]}]},{"name":"5e2e09fd","source":[{"context":"src","condition":"src.item.where(linkId = 'EmCare.B22.DE17').answer.where(value.code = 'EmCare.B22.DE19')"}],"rule":[{"name":"5b545a39","source":[{"context":"src","element":"item","listMode":"first","variable":"item","condition":"(linkId = 'EmCare.B22.DE17') and answer.exists()"}],"rule":[{"name":"d659dd64","source":[{"context":"src"}],"target":[{"context":"bundle","contextType":"variable","element":"entry","variable":"entry"}],"rule":[{"name":"b50ac4c5","source":[{"context":"src"}],"target":[{"context":"entry","contextType":"variable","element":"request","variable":"request"},{"context":"request","contextType":"variable","element":"method","transform":"copy","parameter":[{"valueString":"POST"}]},{"contextType":"variable","variable":"uuid","transform":"uuid"},{"context":"request","contextType":"variable","element":"url","transform":"append","parameter":[{"valueString":"/Observation/"},{"valueId":"uuid"}]}]},{"name":"25d864fa","source":[{"context":"src"}],"target":[{"context":"entry","contextType":"variable","element":"resource","variable":"tgt","transform":"create","parameter":[{"valueString":"Observation"}]}],"rule":[{"name":"832556c2","source":[{"context":"src"}],"dependent":[{"name":"emcareobservationemcareb22de17emcareb22de19t","variable":["src","tgt"],"_variable":[{"extension":[{"url":"http://hl7.org/fhir/tools/StructureDefinition/original-item-type","valueUrl":"id"}]},{"extension":[{"url":"http://hl7.org/fhir/tools/StructureDefinition/original-item-type","valueUrl":"id"}]}]}]}]}]}]}]},{"name":"9e5f2bdb","source":[{"context":"src","condition":"src.item.where(linkId = 'EmCare.B22.DE17').exists() and src.item.where(linkId = 'EmCare.B22.DE17').answer.where(value.code = 'EmCare.B22.DE19').empty()"}],"rule":[{"name":"c89d7013","source":[{"context":"src","element":"item","listMode":"first","variable":"item","condition":"(linkId = 'EmCare.B22.DE17') and answer.exists()"}],"rule":[{"name":"7cf5a310","source":[{"context":"src"}],"target":[{"context":"bundle","contextType":"variable","element":"entry","variable":"entry"}],"rule":[{"name":"b50ac4c5","source":[{"context":"src"}],"target":[{"context":"entry","contextType":"variable","element":"request","variable":"request"},{"context":"request","contextType":"variable","element":"method","transform":"copy","parameter":[{"valueString":"POST"}]},{"contextType":"variable","variable":"uuid","transform":"uuid"},{"context":"request","contextType":"variable","element":"url","transform":"append","parameter":[{"valueString":"/Observation/"},{"valueId":"uuid"}]}]},{"name":"4d341549","source":[{"context":"src"}],"target":[{"context":"entry","contextType":"variable","element":"resource","variable":"tgt","transform":"create","parameter":[{"valueString":"Observation"}]}],"rule":[{"name":"917126ea","source":[{"context":"src"}],"dependent":[{"name":"emcareobservationemcareb22de17emcareb22de19f","variable":["src","tgt"],"_variable":[{"extension":[{"url":"http://hl7.org/fhir/tools/StructureDefinition/original-item-type","valueUrl":"id"}]},{"extension":[{"url":"http://hl7.org/fhir/tools/StructureDefinition/original-item-type","valueUrl":"id"}]}]}]}]}]}]}]},{"name":"f429fd81","source":[{"context":"src","condition":"src.item.where(linkId = 'EmCare.B22.DE17').answer.where(value.code = 'EmCare.B22.DE20')"}],"rule":[{"name":"59186280","source":[{"context":"src","element":"item","listMode":"first","variable":"item","condition":"(linkId = 'EmCare.B22.DE17') and answer.exists()"}],"rule":[{"name":"d67193a2","source":[{"context":"src"}],"target":[{"context":"bundle","contextType":"variable","element":"entry","variable":"entry"}],"rule":[{"name":"b50ac4c5","source":[{"context":"src"}],"target":[{"context":"entry","contextType":"variable","element":"request","variable":"request"},{"context":"request","contextType":"variable","element":"method","transform":"copy","parameter":[{"valueString":"POST"}]},{"contextType":"variable","variable":"uuid","transform":"uuid"},{"context":"request","contextType":"variable","element":"url","transform":"append","parameter":[{"valueString":"/Observation/"},{"valueId":"uuid"}]}]},{"name":"1e80b046","source":[{"context":"src"}],"target":[{"context":"entry","contextType":"variable","element":"resource","variable":"tgt","transform":"create","parameter":[{"valueString":"Observation"}]}],"rule":[{"name":"178da581","source":[{"context":"src"}],"dependent":[{"name":"emcareobservationemcareb22de17emcareb22de20t","variable":["src","tgt"],"_variable":[{"extension":[{"url":"http://hl7.org/fhir/tools/StructureDefinition/original-item-type","valueUrl":"id"}]},{"extension":[{"url":"http://hl7.org/fhir/tools/StructureDefinition/original-item-type","valueUrl":"id"}]}]}]}]}]}]}]},{"name":"8363b35b","source":[{"context":"src","condition":"src.item.where(linkId = 'EmCare.B22.DE17').exists() and src.item.where(linkId = 'EmCare.B22.DE17').answer.where(value.code = 'EmCare.B22.DE20').empty()"}],"rule":[{"name":"7552e3d3","source":[{"context":"src","element":"item","listMode":"first","variable":"item","condition":"(linkId = 'EmCare.B22.DE17') and answer.exists()"}],"rule":[{"name":"25416983","source":[{"context":"src"}],"target":[{"context":"bundle","contextType":"variable","element":"entry","variable":"entry"}],"rule":[{"name":"b50ac4c5","source":[{"context":"src"}],"target":[{"context":"entry","contextType":"variable","element":"request","variable":"request"},{"context":"request","contextType":"variable","element":"method","transform":"copy","parameter":[{"valueString":"POST"}]},{"contextType":"variable","variable":"uuid","transform":"uuid"},{"context":"request","contextType":"variable","element":"url","transform":"append","parameter":[{"valueString":"/Observation/"},{"valueId":"uuid"}]}]},{"name":"30a84474","source":[{"context":"src"}],"target":[{"context":"entry","contextType":"variable","element":"resource","variable":"tgt","transform":"create","parameter":[{"valueString":"Observation"}]}],"rule":[{"name":"4fa88d49","source":[{"context":"src"}],"dependent":[{"name":"emcareobservationemcareb22de17emcareb22de20f","variable":["src","tgt"],"_variable":[{"extension":[{"url":"http://hl7.org/fhir/tools/StructureDefinition/original-item-type","valueUrl":"id"}]},{"extension":[{"url":"http://hl7.org/fhir/tools/StructureDefinition/original-item-type","valueUrl":"id"}]}]}]}]}]}]}]},{"name":"1561f370","source":[{"context":"src","condition":"src.item.where(linkId = 'EmCare.B22.DE17').answer.where(value.code = 'EmCare.B22.DE21')"}],"rule":[{"name":"913a00ce","source":[{"context":"src","element":"item","listMode":"first","variable":"item","condition":"(linkId = 'EmCare.B22.DE17') and answer.exists()"}],"rule":[{"name":"b0fa129e","source":[{"context":"src"}],"target":[{"context":"bundle","contextType":"variable","element":"entry","variable":"entry"}],"rule":[{"name":"b50ac4c5","source":[{"context":"src"}],"target":[{"context":"entry","contextType":"variable","element":"request","variable":"request"},{"context":"request","contextType":"variable","element":"method","transform":"copy","parameter":[{"valueString":"POST"}]},{"contextType":"variable","variable":"uuid","transform":"uuid"},{"context":"request","contextType":"variable","element":"url","transform":"append","parameter":[{"valueString":"/Observation/"},{"valueId":"uuid"}]}]},{"name":"0bf9d78c","source":[{"context":"src"}],"target":[{"context":"entry","contextType":"variable","element":"resource","variable":"tgt","transform":"create","parameter":[{"valueString":"Observation"}]}],"rule":[{"name":"628bfa1d","source":[{"context":"src"}],"dependent":[{"name":"emcareobservationemcareb22de17emcareb22de21t","variable":["src","tgt"],"_variable":[{"extension":[{"url":"http://hl7.org/fhir/tools/StructureDefinition/original-item-type","valueUrl":"id"}]},{"extension":[{"url":"http://hl7.org/fhir/tools/StructureDefinition/original-item-type","valueUrl":"id"}]}]}]}]}]}]}]},{"name":"530338c0","source":[{"context":"src","condition":"src.item.where(linkId = 'EmCare.B22.DE17').exists() and src.item.where(linkId = 'EmCare.B22.DE17').answer.where(value.code = 'EmCare.B22.DE21').empty()"}],"rule":[{"name":"f61383c6","source":[{"context":"src","element":"item","listMode":"first","variable":"item","condition":"(linkId = 'EmCare.B22.DE17') and answer.exists()"}],"rule":[{"name":"954bbaec","source":[{"context":"src"}],"target":[{"context":"bundle","contextType":"variable","element":"entry","variable":"entry"}],"rule":[{"name":"b50ac4c5","source":[{"context":"src"}],"target":[{"context":"entry","contextType":"variable","element":"request","variable":"request"},{"context":"request","contextType":"variable","element":"method","transform":"copy","parameter":[{"valueString":"POST"}]},{"contextType":"variable","variable":"uuid","transform":"uuid"},{"context":"request","contextType":"variable","element":"url","transform":"append","parameter":[{"valueString":"/Observation/"},{"valueId":"uuid"}]}]},{"name":"65279195","source":[{"context":"src"}],"target":[{"context":"entry","contextType":"variable","element":"resource","variable":"tgt","transform":"create","parameter":[{"valueString":"Observation"}]}],"rule":[{"name":"f42ef3e7","source":[{"context":"src"}],"dependent":[{"name":"emcareobservationemcareb22de17emcareb22de21f","variable":["src","tgt"],"_variable":[{"extension":[{"url":"http://hl7.org/fhir/tools/StructureDefinition/original-item-type","valueUrl":"id"}]},{"extension":[{"url":"http://hl7.org/fhir/tools/StructureDefinition/original-item-type","valueUrl":"id"}]}]}]}]}]}]}]},{"name":"ba871435","source":[{"context":"src","condition":"src.item.where(linkId = 'EmCare.B22.DE17').answer.where(value.code = 'EmCare.B22.DE22')"}],"rule":[{"name":"119d61d2","source":[{"context":"src","element":"item","listMode":"first","variable":"item","condition":"(linkId = 'EmCare.B22.DE17') and answer.exists()"}],"rule":[{"name":"f3d4e5ff","source":[{"context":"src"}],"target":[{"context":"bundle","contextType":"variable","element":"entry","variable":"entry"}],"rule":[{"name":"b50ac4c5","source":[{"context":"src"}],"target":[{"context":"entry","contextType":"variable","element":"request","variable":"request"},{"context":"request","contextType":"variable","element":"method","transform":"copy","parameter":[{"valueString":"POST"}]},{"contextType":"variable","variable":"uuid","transform":"uuid"},{"context":"request","contextType":"variable","element":"url","transform":"append","parameter":[{"valueString":"/Observation/"},{"valueId":"uuid"}]}]},{"name":"cea3f121","source":[{"context":"src"}],"target":[{"context":"entry","contextType":"variable","element":"resource","variable":"tgt","transform":"create","parameter":[{"valueString":"Observation"}]}],"rule":[{"name":"a1caf2e7","source":[{"context":"src"}],"dependent":[{"name":"emcareobservationemcareb22de17emcareb22de22t","variable":["src","tgt"],"_variable":[{"extension":[{"url":"http://hl7.org/fhir/tools/StructureDefinition/original-item-type","valueUrl":"id"}]},{"extension":[{"url":"http://hl7.org/fhir/tools/StructureDefinition/original-item-type","valueUrl":"id"}]}]}]}]}]}]}]},{"name":"e57a3dc1","source":[{"context":"src","condition":"src.item.where(linkId = 'EmCare.B22.DE17').exists() and src.item.where(linkId = 'EmCare.B22.DE17').answer.where(value.code = 'EmCare.B22.DE22').empty()"}],"rule":[{"name":"cad5ab21","source":[{"context":"src","element":"item","listMode":"first","variable":"item","condition":"(linkId = 'EmCare.B22.DE17') and answer.exists()"}],"rule":[{"name":"0fd648ea","source":[{"context":"src"}],"target":[{"context":"bundle","contextType":"variable","element":"entry","variable":"entry"}],"rule":[{"name":"b50ac4c5","source":[{"context":"src"}],"target":[{"context":"entry","contextType":"variable","element":"request","variable":"request"},{"context":"request","contextType":"variable","element":"method","transform":"copy","parameter":[{"valueString":"POST"}]},{"contextType":"variable","variable":"uuid","transform":"uuid"},{"context":"request","contextType":"variable","element":"url","transform":"append","parameter":[{"valueString":"/Observation/"},{"valueId":"uuid"}]}]},{"name":"a7736492","source":[{"context":"src"}],"target":[{"context":"entry","contextType":"variable","element":"resource","variable":"tgt","transform":"create","parameter":[{"valueString":"Observation"}]}],"rule":[{"name":"df402cb9","source":[{"context":"src"}],"dependent":[{"name":"emcareobservationemcareb22de17emcareb22de22f","variable":["src","tgt"],"_variable":[{"extension":[{"url":"http://hl7.org/fhir/tools/StructureDefinition/original-item-type","valueUrl":"id"}]},{"extension":[{"url":"http://hl7.org/fhir/tools/StructureDefinition/original-item-type","valueUrl":"id"}]}]}]}]}]}]}]},{"name":"88960ea0","source":[{"context":"src","element":"item","listMode":"first","variable":"item","condition":"(linkId = 'EmCare.B22.DE22') and answer.exists()"}],"rule":[{"name":"88ceffcd","source":[{"context":"src"}],"target":[{"context":"bundle","contextType":"variable","element":"entry","variable":"entry"}],"rule":[{"name":"b50ac4c5","source":[{"context":"src"}],"target":[{"context":"entry","contextType":"variable","element":"request","variable":"request"},{"context":"request","contextType":"variable","element":"method","transform":"copy","parameter":[{"valueString":"POST"}]},{"contextType":"variable","variable":"uuid","transform":"uuid"},{"context":"request","contextType":"variable","element":"url","transform":"append","parameter":[{"valueString":"/Observation/"},{"valueId":"uuid"}]}]},{"name":"109bcf94","source":[{"context":"src"}],"target":[{"context":"entry","contextType":"variable","element":"resource","variable":"tgt","transform":"create","parameter":[{"valueString":"Observation"}]}],"rule":[{"name":"b9010fac","source":[{"context":"src"}],"target":[{"contextType":"variable","transform":"copy","parameter":[{"valueId":"tgt"}]}],"dependent":[{"name":"emcareobservationemcareb22de22","variable":["src","tgt"],"_variable":[{"extension":[{"url":"http://hl7.org/fhir/tools/StructureDefinition/original-item-type","valueUrl":"id"}]},{"extension":[{"url":"http://hl7.org/fhir/tools/StructureDefinition/original-item-type","valueUrl":"id"}]}]}]}]}]}]},{"name":"86c6f66b","source":[{"context":"src","element":"item","listMode":"first","variable":"item","condition":"(linkId = 'EmCare.B22.DE21') and answer.exists()"}],"rule":[{"name":"2bc763d0","source":[{"context":"src"}],"target":[{"context":"bundle","contextType":"variable","element":"entry","variable":"entry"}],"rule":[{"name":"b50ac4c5","source":[{"context":"src"}],"target":[{"context":"entry","contextType":"variable","element":"request","variable":"request"},{"context":"request","contextType":"variable","element":"method","transform":"copy","parameter":[{"valueString":"POST"}]},{"contextType":"variable","variable":"uuid","transform":"uuid"},{"context":"request","contextType":"variable","element":"url","transform":"append","parameter":[{"valueString":"/Observation/"},{"valueId":"uuid"}]}]},{"name":"ec6cbc70","source":[{"context":"src"}],"target":[{"context":"entry","contextType":"variable","element":"resource","variable":"tgt","transform":"create","parameter":[{"valueString":"Observation"}]}],"rule":[{"name":"7c45409d","source":[{"context":"src"}],"target":[{"contextType":"variable","transform":"copy","parameter":[{"valueId":"tgt"}]}],"dependent":[{"name":"emcareobservationemcareb22de21","variable":["src","tgt"],"_variable":[{"extension":[{"url":"http://hl7.org/fhir/tools/StructureDefinition/original-item-type","valueUrl":"id"}]},{"extension":[{"url":"http://hl7.org/fhir/tools/StructureDefinition/original-item-type","valueUrl":"id"}]}]}]}]}]}]}]},{"name":"emcareobservationemcareb22de17emcareb22de18t","typeMode":"none","input":[{"name":"src","mode":"source"},{"name":"tgt","mode":"target"}],"rule":[{"name":"id-emcareobservationemcareb22de17emcareb22de18t","source":[{"context":"src"}],"target":[{"context":"tgt","contextType":"variable","element":"identifier","variable":"CodeID","transform":"create","parameter":[{"valueString":"Identifier"}]},{"context":"CodeID","contextType":"variable","element":"system","transform":"copy","parameter":[{"valueString":"http://hl7.org/fhir/namingsystem-identifier-type"}]},{"context":"CodeID","contextType":"variable","element":"use","transform":"copy","parameter":[{"valueString":"official"}]},{"context":"CodeID","contextType":"variable","element":"value","transform":"copy","parameter":[{"valueString":"uuid"}]},{"context":"CodeID","contextType":"variable","element":"id","transform":"uuid"}]},{"name":"35bc6b82","source":[{"context":"src","element":"encounter","variable":"encounter"}],"target":[{"context":"tgt","contextType":"variable","element":"encounter","transform":"copy","parameter":[{"valueId":"encounter"}]}]},{"name":"code-emcareobservationemcareb22de17emcareb22de18t","source":[{"context":"src","element":"subject","variable":"subject"}],"target":[{"context":"tgt","contextType":"variable","element":"subject","transform":"copy","parameter":[{"valueId":"subject"}]},{"context":"tgt","contextType":"variable","element":"meta","variable":"newMeta","transform":"create","parameter":[{"valueString":"Meta"}]},{"context":"newMeta","contextType":"variable","element":"profile","transform":"copy","parameter":[{"valueString":"https://fhir.dk.swisstph-mis.ch/matchbox/fhir/StructureDefinition/emcareobservation"}]},{"context":"tgt","contextType":"variable","element":"code","variable":"concept","transform":"create","parameter":[{"valueString":"CodeableConcept"}]},{"context":"concept","contextType":"variable","element":"coding","variable":"coding","transform":"create","parameter":[{"valueString":"Coding"}]},{"context":"coding","contextType":"variable","element":"system","transform":"copy","parameter":[{"valueString":"https://fhir.dk.swisstph-mis.ch/matchbox/fhir/CodeSystem/emcare-custom-codes"}]},{"context":"coding","contextType":"variable","element":"code","transform":"copy","parameter":[{"valueString":"EmCare.B22.DE17&EmCare.B22.DE18"}]}]},{"name":"aae7a11d","source":[{"context":"src","element":"item","variable":"itemtimestamp","condition":"linkId = 'timestamp'"}],"rule":[{"name":"7f22f29f","source":[{"context":"itemtimestamp","element":"answer","listMode":"first","variable":"atimestamp"}],"rule":[{"name":"5af77f2c","source":[{"context":"atimestamp","element":"value","variable":"val"}],"target":[{"context":"tgt","contextType":"variable","element":"issued","transform":"copy","parameter":[{"valueId":"val"}]}]}]}]},{"name":"patient","source":[{"context":"src","element":"subject","variable":"subject"}],"target":[{"context":"tgt","contextType":"variable","element":"subject","transform":"copy","parameter":[{"valueId":"subject"}]}]},{"name":"e9d639e1","source":[{"context":"src"}],"target":[{"context":"tgt","contextType":"variable","element":"status","transform":"copy","parameter":[{"valueString":"final"}]},{"context":"tgt","contextType":"variable","element":"value","transform":"copy","parameter":[{"valueBoolean":true}]}]}]},{"name":"emcareobservationemcareb22de17emcareb22de18f","typeMode":"none","input":[{"name":"src","mode":"source"},{"name":"tgt","mode":"target"}],"rule":[{"name":"id-emcareobservationemcareb22de17emcareb22de18f","source":[{"context":"src"}],"target":[{"context":"tgt","contextType":"variable","element":"identifier","variable":"CodeID","transform":"create","parameter":[{"valueString":"Identifier"}]},{"context":"CodeID","contextType":"variable","element":"system","transform":"copy","parameter":[{"valueString":"http://hl7.org/fhir/namingsystem-identifier-type"}]},{"context":"CodeID","contextType":"variable","element":"use","transform":"copy","parameter":[{"valueString":"official"}]},{"context":"CodeID","contextType":"variable","element":"value","transform":"copy","parameter":[{"valueString":"uuid"}]},{"context":"CodeID","contextType":"variable","element":"id","transform":"uuid"}]},{"name":"35bc6b82","source":[{"context":"src","element":"encounter","variable":"encounter"}],"target":[{"context":"tgt","contextType":"variable","element":"encounter","transform":"copy","parameter":[{"valueId":"encounter"}]}]},{"name":"code-emcareobservationemcareb22de17emcareb22de18f","source":[{"context":"src","element":"subject","variable":"subject"}],"target":[{"context":"tgt","contextType":"variable","element":"subject","transform":"copy","parameter":[{"valueId":"subject"}]},{"context":"tgt","contextType":"variable","element":"meta","variable":"newMeta","transform":"create","parameter":[{"valueString":"Meta"}]},{"context":"newMeta","contextType":"variable","element":"profile","transform":"copy","parameter":[{"valueString":"https://fhir.dk.swisstph-mis.ch/matchbox/fhir/StructureDefinition/emcareobservation"}]},{"context":"tgt","contextType":"variable","element":"code","variable":"concept","transform":"create","parameter":[{"valueString":"CodeableConcept"}]},{"context":"concept","contextType":"variable","element":"coding","variable":"coding","transform":"create","parameter":[{"valueString":"Coding"}]},{"context":"coding","contextType":"variable","element":"system","transform":"copy","parameter":[{"valueString":"https://fhir.dk.swisstph-mis.ch/matchbox/fhir/CodeSystem/emcare-custom-codes"}]},{"context":"coding","contextType":"variable","element":"code","transform":"copy","parameter":[{"valueString":"EmCare.B22.DE17&EmCare.B22.DE18"}]}]},{"name":"aae7a11d","source":[{"context":"src","element":"item","variable":"itemtimestamp","condition":"linkId = 'timestamp'"}],"rule":[{"name":"7f22f29f","source":[{"context":"itemtimestamp","element":"answer","listMode":"first","variable":"atimestamp"}],"rule":[{"name":"5af77f2c","source":[{"context":"atimestamp","element":"value","variable":"val"}],"target":[{"context":"tgt","contextType":"variable","element":"issued","transform":"copy","parameter":[{"valueId":"val"}]}]}]}]},{"name":"patient","source":[{"context":"src","element":"subject","variable":"subject"}],"target":[{"context":"tgt","contextType":"variable","element":"subject","transform":"copy","parameter":[{"valueId":"subject"}]}]},{"name":"f21d6e36","source":[{"context":"src"}],"target":[{"context":"tgt","contextType":"variable","element":"status","transform":"copy","parameter":[{"valueString":"cancelled"}]},{"context":"tgt","contextType":"variable","element":"value","transform":"copy","parameter":[{"valueBoolean":false}]}]}]},{"name":"emcareobservationemcareb22de17emcareb22de19t","typeMode":"none","input":[{"name":"src","mode":"source"},{"name":"tgt","mode":"target"}],"rule":[{"name":"id-emcareobservationemcareb22de17emcareb22de19t","source":[{"context":"src"}],"target":[{"context":"tgt","contextType":"variable","element":"identifier","variable":"CodeID","transform":"create","parameter":[{"valueString":"Identifier"}]},{"context":"CodeID","contextType":"variable","element":"system","transform":"copy","parameter":[{"valueString":"http://hl7.org/fhir/namingsystem-identifier-type"}]},{"context":"CodeID","contextType":"variable","element":"use","transform":"copy","parameter":[{"valueString":"official"}]},{"context":"CodeID","contextType":"variable","element":"value","transform":"copy","parameter":[{"valueString":"uuid"}]},{"context":"CodeID","contextType":"variable","element":"id","transform":"uuid"}]},{"name":"35bc6b82","source":[{"context":"src","element":"encounter","variable":"encounter"}],"target":[{"context":"tgt","contextType":"variable","element":"encounter","transform":"copy","parameter":[{"valueId":"encounter"}]}]},{"name":"code-emcareobservationemcareb22de17emcareb22de19t","source":[{"context":"src","element":"subject","variable":"subject"}],"target":[{"context":"tgt","contextType":"variable","element":"subject","transform":"copy","parameter":[{"valueId":"subject"}]},{"context":"tgt","contextType":"variable","element":"meta","variable":"newMeta","transform":"create","parameter":[{"valueString":"Meta"}]},{"context":"newMeta","contextType":"variable","element":"profile","transform":"copy","parameter":[{"valueString":"https://fhir.dk.swisstph-mis.ch/matchbox/fhir/StructureDefinition/emcareobservation"}]},{"context":"tgt","contextType":"variable","element":"code","variable":"concept","transform":"create","parameter":[{"valueString":"CodeableConcept"}]},{"context":"concept","contextType":"variable","element":"coding","variable":"coding","transform":"create","parameter":[{"valueString":"Coding"}]},{"context":"coding","contextType":"variable","element":"system","transform":"copy","parameter":[{"valueString":"https://fhir.dk.swisstph-mis.ch/matchbox/fhir/CodeSystem/emcare-custom-codes"}]},{"context":"coding","contextType":"variable","element":"code","transform":"copy","parameter":[{"valueString":"EmCare.B22.DE17&EmCare.B22.DE19"}]}]},{"name":"aae7a11d","source":[{"context":"src","element":"item","variable":"itemtimestamp","condition":"linkId = 'timestamp'"}],"rule":[{"name":"7f22f29f","source":[{"context":"itemtimestamp","element":"answer","listMode":"first","variable":"atimestamp"}],"rule":[{"name":"5af77f2c","source":[{"context":"atimestamp","element":"value","variable":"val"}],"target":[{"context":"tgt","contextType":"variable","element":"issued","transform":"copy","parameter":[{"valueId":"val"}]}]}]}]},{"name":"patient","source":[{"context":"src","element":"subject","variable":"subject"}],"target":[{"context":"tgt","contextType":"variable","element":"subject","transform":"copy","parameter":[{"valueId":"subject"}]}]},{"name":"e9d639e1","source":[{"context":"src"}],"target":[{"context":"tgt","contextType":"variable","element":"status","transform":"copy","parameter":[{"valueString":"final"}]},{"context":"tgt","contextType":"variable","element":"value","transform":"copy","parameter":[{"valueBoolean":true}]}]}]},{"name":"emcareobservationemcareb22de17emcareb22de19f","typeMode":"none","input":[{"name":"src","mode":"source"},{"name":"tgt","mode":"target"}],"rule":[{"name":"id-emcareobservationemcareb22de17emcareb22de19f","source":[{"context":"src"}],"target":[{"context":"tgt","contextType":"variable","element":"identifier","variable":"CodeID","transform":"create","parameter":[{"valueString":"Identifier"}]},{"context":"CodeID","contextType":"variable","element":"system","transform":"copy","parameter":[{"valueString":"http://hl7.org/fhir/namingsystem-identifier-type"}]},{"context":"CodeID","contextType":"variable","element":"use","transform":"copy","parameter":[{"valueString":"official"}]},{"context":"CodeID","contextType":"variable","element":"value","transform":"copy","parameter":[{"valueString":"uuid"}]},{"context":"CodeID","contextType":"variable","element":"id","transform":"uuid"}]},{"name":"35bc6b82","source":[{"context":"src","element":"encounter","variable":"encounter"}],"target":[{"context":"tgt","contextType":"variable","element":"encounter","transform":"copy","parameter":[{"valueId":"encounter"}]}]},{"name":"code-emcareobservationemcareb22de17emcareb22de19f","source":[{"context":"src","element":"subject","variable":"subject"}],"target":[{"context":"tgt","contextType":"variable","element":"subject","transform":"copy","parameter":[{"valueId":"subject"}]},{"context":"tgt","contextType":"variable","element":"meta","variable":"newMeta","transform":"create","parameter":[{"valueString":"Meta"}]},{"context":"newMeta","contextType":"variable","element":"profile","transform":"copy","parameter":[{"valueString":"https://fhir.dk.swisstph-mis.ch/matchbox/fhir/StructureDefinition/emcareobservation"}]},{"context":"tgt","contextType":"variable","element":"code","variable":"concept","transform":"create","parameter":[{"valueString":"CodeableConcept"}]},{"context":"concept","contextType":"variable","element":"coding","variable":"coding","transform":"create","parameter":[{"valueString":"Coding"}]},{"context":"coding","contextType":"variable","element":"system","transform":"copy","parameter":[{"valueString":"https://fhir.dk.swisstph-mis.ch/matchbox/fhir/CodeSystem/emcare-custom-codes"}]},{"context":"coding","contextType":"variable","element":"code","transform":"copy","parameter":[{"valueString":"EmCare.B22.DE17&EmCare.B22.DE19"}]}]},{"name":"aae7a11d","source":[{"context":"src","element":"item","variable":"itemtimestamp","condition":"linkId = 'timestamp'"}],"rule":[{"name":"7f22f29f","source":[{"context":"itemtimestamp","element":"answer","listMode":"first","variable":"atimestamp"}],"rule":[{"name":"5af77f2c","source":[{"context":"atimestamp","element":"value","variable":"val"}],"target":[{"context":"tgt","contextType":"variable","element":"issued","transform":"copy","parameter":[{"valueId":"val"}]}]}]}]},{"name":"patient","source":[{"context":"src","element":"subject","variable":"subject"}],"target":[{"context":"tgt","contextType":"variable","element":"subject","transform":"copy","parameter":[{"valueId":"subject"}]}]},{"name":"f21d6e36","source":[{"context":"src"}],"target":[{"context":"tgt","contextType":"variable","element":"status","transform":"copy","parameter":[{"valueString":"cancelled"}]},{"context":"tgt","contextType":"variable","element":"value","transform":"copy","parameter":[{"valueBoolean":false}]}]}]},{"name":"emcareobservationemcareb22de17emcareb22de20t","typeMode":"none","input":[{"name":"src","mode":"source"},{"name":"tgt","mode":"target"}],"rule":[{"name":"id-emcareobservationemcareb22de17emcareb22de20t","source":[{"context":"src"}],"target":[{"context":"tgt","contextType":"variable","element":"identifier","variable":"CodeID","transform":"create","parameter":[{"valueString":"Identifier"}]},{"context":"CodeID","contextType":"variable","element":"system","transform":"copy","parameter":[{"valueString":"http://hl7.org/fhir/namingsystem-identifier-type"}]},{"context":"CodeID","contextType":"variable","element":"use","transform":"copy","parameter":[{"valueString":"official"}]},{"context":"CodeID","contextType":"variable","element":"value","transform":"copy","parameter":[{"valueString":"uuid"}]},{"context":"CodeID","contextType":"variable","element":"id","transform":"uuid"}]},{"name":"35bc6b82","source":[{"context":"src","element":"encounter","variable":"encounter"}],"target":[{"context":"tgt","contextType":"variable","element":"encounter","transform":"copy","parameter":[{"valueId":"encounter"}]}]},{"name":"code-emcareobservationemcareb22de17emcareb22de20t","source":[{"context":"src","element":"subject","variable":"subject"}],"target":[{"context":"tgt","contextType":"variable","element":"subject","transform":"copy","parameter":[{"valueId":"subject"}]},{"context":"tgt","contextType":"variable","element":"meta","variable":"newMeta","transform":"create","parameter":[{"valueString":"Meta"}]},{"context":"newMeta","contextType":"variable","element":"profile","transform":"copy","parameter":[{"valueString":"https://fhir.dk.swisstph-mis.ch/matchbox/fhir/StructureDefinition/emcareobservation"}]},{"context":"tgt","contextType":"variable","element":"code","variable":"concept","transform":"create","parameter":[{"valueString":"CodeableConcept"}]},{"context":"concept","contextType":"variable","element":"coding","variable":"coding","transform":"create","parameter":[{"valueString":"Coding"}]},{"context":"coding","contextType":"variable","element":"system","transform":"copy","parameter":[{"valueString":"https://fhir.dk.swisstph-mis.ch/matchbox/fhir/CodeSystem/emcare-custom-codes"}]},{"context":"coding","contextType":"variable","element":"code","transform":"copy","parameter":[{"valueString":"EmCare.B22.DE17&EmCare.B22.DE20"}]}]},{"name":"aae7a11d","source":[{"context":"src","element":"item","variable":"itemtimestamp","condition":"linkId = 'timestamp'"}],"rule":[{"name":"7f22f29f","source":[{"context":"itemtimestamp","element":"answer","listMode":"first","variable":"atimestamp"}],"rule":[{"name":"5af77f2c","source":[{"context":"atimestamp","element":"value","variable":"val"}],"target":[{"context":"tgt","contextType":"variable","element":"issued","transform":"copy","parameter":[{"valueId":"val"}]}]}]}]},{"name":"patient","source":[{"context":"src","element":"subject","variable":"subject"}],"target":[{"context":"tgt","contextType":"variable","element":"subject","transform":"copy","parameter":[{"valueId":"subject"}]}]},{"name":"e9d639e1","source":[{"context":"src"}],"target":[{"context":"tgt","contextType":"variable","element":"status","transform":"copy","parameter":[{"valueString":"final"}]},{"context":"tgt","contextType":"variable","element":"value","transform":"copy","parameter":[{"valueBoolean":true}]}]}]},{"name":"emcareobservationemcareb22de17emcareb22de20f","typeMode":"none","input":[{"name":"src","mode":"source"},{"name":"tgt","mode":"target"}],"rule":[{"name":"id-emcareobservationemcareb22de17emcareb22de20f","source":[{"context":"src"}],"target":[{"context":"tgt","contextType":"variable","element":"identifier","variable":"CodeID","transform":"create","parameter":[{"valueString":"Identifier"}]},{"context":"CodeID","contextType":"variable","element":"system","transform":"copy","parameter":[{"valueString":"http://hl7.org/fhir/namingsystem-identifier-type"}]},{"context":"CodeID","contextType":"variable","element":"use","transform":"copy","parameter":[{"valueString":"official"}]},{"context":"CodeID","contextType":"variable","element":"value","transform":"copy","parameter":[{"valueString":"uuid"}]},{"context":"CodeID","contextType":"variable","element":"id","transform":"uuid"}]},{"name":"35bc6b82","source":[{"context":"src","element":"encounter","variable":"encounter"}],"target":[{"context":"tgt","contextType":"variable","element":"encounter","transform":"copy","parameter":[{"valueId":"encounter"}]}]},{"name":"code-emcareobservationemcareb22de17emcareb22de20f","source":[{"context":"src","element":"subject","variable":"subject"}],"target":[{"context":"tgt","contextType":"variable","element":"subject","transform":"copy","parameter":[{"valueId":"subject"}]},{"context":"tgt","contextType":"variable","element":"meta","variable":"newMeta","transform":"create","parameter":[{"valueString":"Meta"}]},{"context":"newMeta","contextType":"variable","element":"profile","transform":"copy","parameter":[{"valueString":"https://fhir.dk.swisstph-mis.ch/matchbox/fhir/StructureDefinition/emcareobservation"}]},{"context":"tgt","contextType":"variable","element":"code","variable":"concept","transform":"create","parameter":[{"valueString":"CodeableConcept"}]},{"context":"concept","contextType":"variable","element":"coding","variable":"coding","transform":"create","parameter":[{"valueString":"Coding"}]},{"context":"coding","contextType":"variable","element":"system","transform":"copy","parameter":[{"valueString":"https://fhir.dk.swisstph-mis.ch/matchbox/fhir/CodeSystem/emcare-custom-codes"}]},{"context":"coding","contextType":"variable","element":"code","transform":"copy","parameter":[{"valueString":"EmCare.B22.DE17&EmCare.B22.DE20"}]}]},{"name":"aae7a11d","source":[{"context":"src","element":"item","variable":"itemtimestamp","condition":"linkId = 'timestamp'"}],"rule":[{"name":"7f22f29f","source":[{"context":"itemtimestamp","element":"answer","listMode":"first","variable":"atimestamp"}],"rule":[{"name":"5af77f2c","source":[{"context":"atimestamp","element":"value","variable":"val"}],"target":[{"context":"tgt","contextType":"variable","element":"issued","transform":"copy","parameter":[{"valueId":"val"}]}]}]}]},{"name":"patient","source":[{"context":"src","element":"subject","variable":"subject"}],"target":[{"context":"tgt","contextType":"variable","element":"subject","transform":"copy","parameter":[{"valueId":"subject"}]}]},{"name":"f21d6e36","source":[{"context":"src"}],"target":[{"context":"tgt","contextType":"variable","element":"status","transform":"copy","parameter":[{"valueString":"cancelled"}]},{"context":"tgt","contextType":"variable","element":"value","transform":"copy","parameter":[{"valueBoolean":false}]}]}]},{"name":"emcareobservationemcareb22de17emcareb22de21t","typeMode":"none","input":[{"name":"src","mode":"source"},{"name":"tgt","mode":"target"}],"rule":[{"name":"id-emcareobservationemcareb22de17emcareb22de21t","source":[{"context":"src"}],"target":[{"context":"tgt","contextType":"variable","element":"identifier","variable":"CodeID","transform":"create","parameter":[{"valueString":"Identifier"}]},{"context":"CodeID","contextType":"variable","element":"system","transform":"copy","parameter":[{"valueString":"http://hl7.org/fhir/namingsystem-identifier-type"}]},{"context":"CodeID","contextType":"variable","element":"use","transform":"copy","parameter":[{"valueString":"official"}]},{"context":"CodeID","contextType":"variable","element":"value","transform":"copy","parameter":[{"valueString":"uuid"}]},{"context":"CodeID","contextType":"variable","element":"id","transform":"uuid"}]},{"name":"35bc6b82","source":[{"context":"src","element":"encounter","variable":"encounter"}],"target":[{"context":"tgt","contextType":"variable","element":"encounter","transform":"copy","parameter":[{"valueId":"encounter"}]}]},{"name":"code-emcareobservationemcareb22de17emcareb22de21t","source":[{"context":"src","element":"subject","variable":"subject"}],"target":[{"context":"tgt","contextType":"variable","element":"subject","transform":"copy","parameter":[{"valueId":"subject"}]},{"context":"tgt","contextType":"variable","element":"meta","variable":"newMeta","transform":"create","parameter":[{"valueString":"Meta"}]},{"context":"newMeta","contextType":"variable","element":"profile","transform":"copy","parameter":[{"valueString":"https://fhir.dk.swisstph-mis.ch/matchbox/fhir/StructureDefinition/emcareobservation"}]},{"context":"tgt","contextType":"variable","element":"code","variable":"concept","transform":"create","parameter":[{"valueString":"CodeableConcept"}]},{"context":"concept","contextType":"variable","element":"coding","variable":"coding","transform":"create","parameter":[{"valueString":"Coding"}]},{"context":"coding","contextType":"variable","element":"system","transform":"copy","parameter":[{"valueString":"https://fhir.dk.swisstph-mis.ch/matchbox/fhir/CodeSystem/emcare-custom-codes"}]},{"context":"coding","contextType":"variable","element":"code","transform":"copy","parameter":[{"valueString":"EmCare.B22.DE17&EmCare.B22.DE21"}]}]},{"name":"aae7a11d","source":[{"context":"src","element":"item","variable":"itemtimestamp","condition":"linkId = 'timestamp'"}],"rule":[{"name":"7f22f29f","source":[{"context":"itemtimestamp","element":"answer","listMode":"first","variable":"atimestamp"}],"rule":[{"name":"5af77f2c","source":[{"context":"atimestamp","element":"value","variable":"val"}],"target":[{"context":"tgt","contextType":"variable","element":"issued","transform":"copy","parameter":[{"valueId":"val"}]}]}]}]},{"name":"patient","source":[{"context":"src","element":"subject","variable":"subject"}],"target":[{"context":"tgt","contextType":"variable","element":"subject","transform":"copy","parameter":[{"valueId":"subject"}]}]},{"name":"e9d639e1","source":[{"context":"src"}],"target":[{"context":"tgt","contextType":"variable","element":"status","transform":"copy","parameter":[{"valueString":"final"}]},{"context":"tgt","contextType":"variable","element":"value","transform":"copy","parameter":[{"valueBoolean":true}]}]}]},{"name":"emcareobservationemcareb22de17emcareb22de21f","typeMode":"none","input":[{"name":"src","mode":"source"},{"name":"tgt","mode":"target"}],"rule":[{"name":"id-emcareobservationemcareb22de17emcareb22de21f","source":[{"context":"src"}],"target":[{"context":"tgt","contextType":"variable","element":"identifier","variable":"CodeID","transform":"create","parameter":[{"valueString":"Identifier"}]},{"context":"CodeID","contextType":"variable","element":"system","transform":"copy","parameter":[{"valueString":"http://hl7.org/fhir/namingsystem-identifier-type"}]},{"context":"CodeID","contextType":"variable","element":"use","transform":"copy","parameter":[{"valueString":"official"}]},{"context":"CodeID","contextType":"variable","element":"value","transform":"copy","parameter":[{"valueString":"uuid"}]},{"context":"CodeID","contextType":"variable","element":"id","transform":"uuid"}]},{"name":"35bc6b82","source":[{"context":"src","element":"encounter","variable":"encounter"}],"target":[{"context":"tgt","contextType":"variable","element":"encounter","transform":"copy","parameter":[{"valueId":"encounter"}]}]},{"name":"code-emcareobservationemcareb22de17emcareb22de21f","source":[{"context":"src","element":"subject","variable":"subject"}],"target":[{"context":"tgt","contextType":"variable","element":"subject","transform":"copy","parameter":[{"valueId":"subject"}]},{"context":"tgt","contextType":"variable","element":"meta","variable":"newMeta","transform":"create","parameter":[{"valueString":"Meta"}]},{"context":"newMeta","contextType":"variable","element":"profile","transform":"copy","parameter":[{"valueString":"https://fhir.dk.swisstph-mis.ch/matchbox/fhir/StructureDefinition/emcareobservation"}]},{"context":"tgt","contextType":"variable","element":"code","variable":"concept","transform":"create","parameter":[{"valueString":"CodeableConcept"}]},{"context":"concept","contextType":"variable","element":"coding","variable":"coding","transform":"create","parameter":[{"valueString":"Coding"}]},{"context":"coding","contextType":"variable","element":"system","transform":"copy","parameter":[{"valueString":"https://fhir.dk.swisstph-mis.ch/matchbox/fhir/CodeSystem/emcare-custom-codes"}]},{"context":"coding","contextType":"variable","element":"code","transform":"copy","parameter":[{"valueString":"EmCare.B22.DE17&EmCare.B22.DE21"}]}]},{"name":"aae7a11d","source":[{"context":"src","element":"item","variable":"itemtimestamp","condition":"linkId = 'timestamp'"}],"rule":[{"name":"7f22f29f","source":[{"context":"itemtimestamp","element":"answer","listMode":"first","variable":"atimestamp"}],"rule":[{"name":"5af77f2c","source":[{"context":"atimestamp","element":"value","variable":"val"}],"target":[{"context":"tgt","contextType":"variable","element":"issued","transform":"copy","parameter":[{"valueId":"val"}]}]}]}]},{"name":"patient","source":[{"context":"src","element":"subject","variable":"subject"}],"target":[{"context":"tgt","contextType":"variable","element":"subject","transform":"copy","parameter":[{"valueId":"subject"}]}]},{"name":"f21d6e36","source":[{"context":"src"}],"target":[{"context":"tgt","contextType":"variable","element":"status","transform":"copy","parameter":[{"valueString":"cancelled"}]},{"context":"tgt","contextType":"variable","element":"value","transform":"copy","parameter":[{"valueBoolean":false}]}]}]},{"name":"emcareobservationemcareb22de17emcareb22de22t","typeMode":"none","input":[{"name":"src","mode":"source"},{"name":"tgt","mode":"target"}],"rule":[{"name":"id-emcareobservationemcareb22de17emcareb22de22t","source":[{"context":"src"}],"target":[{"context":"tgt","contextType":"variable","element":"identifier","variable":"CodeID","transform":"create","parameter":[{"valueString":"Identifier"}]},{"context":"CodeID","contextType":"variable","element":"system","transform":"copy","parameter":[{"valueString":"http://hl7.org/fhir/namingsystem-identifier-type"}]},{"context":"CodeID","contextType":"variable","element":"use","transform":"copy","parameter":[{"valueString":"official"}]},{"context":"CodeID","contextType":"variable","element":"value","transform":"copy","parameter":[{"valueString":"uuid"}]},{"context":"CodeID","contextType":"variable","element":"id","transform":"uuid"}]},{"name":"35bc6b82","source":[{"context":"src","element":"encounter","variable":"encounter"}],"target":[{"context":"tgt","contextType":"variable","element":"encounter","transform":"copy","parameter":[{"valueId":"encounter"}]}]},{"name":"code-emcareobservationemcareb22de17emcareb22de22t","source":[{"context":"src","element":"subject","variable":"subject"}],"target":[{"context":"tgt","contextType":"variable","element":"subject","transform":"copy","parameter":[{"valueId":"subject"}]},{"context":"tgt","contextType":"variable","element":"meta","variable":"newMeta","transform":"create","parameter":[{"valueString":"Meta"}]},{"context":"newMeta","contextType":"variable","element":"profile","transform":"copy","parameter":[{"valueString":"https://fhir.dk.swisstph-mis.ch/matchbox/fhir/StructureDefinition/emcareobservation"}]},{"context":"tgt","contextType":"variable","element":"code","variable":"concept","transform":"create","parameter":[{"valueString":"CodeableConcept"}]},{"context":"concept","contextType":"variable","element":"coding","variable":"coding","transform":"create","parameter":[{"valueString":"Coding"}]},{"context":"coding","contextType":"variable","element":"system","transform":"copy","parameter":[{"valueString":"https://fhir.dk.swisstph-mis.ch/matchbox/fhir/CodeSystem/emcare-custom-codes"}]},{"context":"coding","contextType":"variable","element":"code","transform":"copy","parameter":[{"valueString":"EmCare.B22.DE17&EmCare.B22.DE22"}]}]},{"name":"aae7a11d","source":[{"context":"src","element":"item","variable":"itemtimestamp","condition":"linkId = 'timestamp'"}],"rule":[{"name":"7f22f29f","source":[{"context":"itemtimestamp","element":"answer","listMode":"first","variable":"atimestamp"}],"rule":[{"name":"5af77f2c","source":[{"context":"atimestamp","element":"value","variable":"val"}],"target":[{"context":"tgt","contextType":"variable","element":"issued","transform":"copy","parameter":[{"valueId":"val"}]}]}]}]},{"name":"patient","source":[{"context":"src","element":"subject","variable":"subject"}],"target":[{"context":"tgt","contextType":"variable","element":"subject","transform":"copy","parameter":[{"valueId":"subject"}]}]},{"name":"e9d639e1","source":[{"context":"src"}],"target":[{"context":"tgt","contextType":"variable","element":"status","transform":"copy","parameter":[{"valueString":"final"}]},{"context":"tgt","contextType":"variable","element":"value","transform":"copy","parameter":[{"valueBoolean":true}]}]}]},{"name":"emcareobservationemcareb22de17emcareb22de22f","typeMode":"none","input":[{"name":"src","mode":"source"},{"name":"tgt","mode":"target"}],"rule":[{"name":"id-emcareobservationemcareb22de17emcareb22de22f","source":[{"context":"src"}],"target":[{"context":"tgt","contextType":"variable","element":"identifier","variable":"CodeID","transform":"create","parameter":[{"valueString":"Identifier"}]},{"context":"CodeID","contextType":"variable","element":"system","transform":"copy","parameter":[{"valueString":"http://hl7.org/fhir/namingsystem-identifier-type"}]},{"context":"CodeID","contextType":"variable","element":"use","transform":"copy","parameter":[{"valueString":"official"}]},{"context":"CodeID","contextType":"variable","element":"value","transform":"copy","parameter":[{"valueString":"uuid"}]},{"context":"CodeID","contextType":"variable","element":"id","transform":"uuid"}]},{"name":"35bc6b82","source":[{"context":"src","element":"encounter","variable":"encounter"}],"target":[{"context":"tgt","contextType":"variable","element":"encounter","transform":"copy","parameter":[{"valueId":"encounter"}]}]},{"name":"code-emcareobservationemcareb22de17emcareb22de22f","source":[{"context":"src","element":"subject","variable":"subject"}],"target":[{"context":"tgt","contextType":"variable","element":"subject","transform":"copy","parameter":[{"valueId":"subject"}]},{"context":"tgt","contextType":"variable","element":"meta","variable":"newMeta","transform":"create","parameter":[{"valueString":"Meta"}]},{"context":"newMeta","contextType":"variable","element":"profile","transform":"copy","parameter":[{"valueString":"https://fhir.dk.swisstph-mis.ch/matchbox/fhir/StructureDefinition/emcareobservation"}]},{"context":"tgt","contextType":"variable","element":"code","variable":"concept","transform":"create","parameter":[{"valueString":"CodeableConcept"}]},{"context":"concept","contextType":"variable","element":"coding","variable":"coding","transform":"create","parameter":[{"valueString":"Coding"}]},{"context":"coding","contextType":"variable","element":"system","transform":"copy","parameter":[{"valueString":"https://fhir.dk.swisstph-mis.ch/matchbox/fhir/CodeSystem/emcare-custom-codes"}]},{"context":"coding","contextType":"variable","element":"code","transform":"copy","parameter":[{"valueString":"EmCare.B22.DE17&EmCare.B22.DE22"}]}]},{"name":"aae7a11d","source":[{"context":"src","element":"item","variable":"itemtimestamp","condition":"linkId = 'timestamp'"}],"rule":[{"name":"7f22f29f","source":[{"context":"itemtimestamp","element":"answer","listMode":"first","variable":"atimestamp"}],"rule":[{"name":"5af77f2c","source":[{"context":"atimestamp","element":"value","variable":"val"}],"target":[{"context":"tgt","contextType":"variable","element":"issued","transform":"copy","parameter":[{"valueId":"val"}]}]}]}]},{"name":"patient","source":[{"context":"src","element":"subject","variable":"subject"}],"target":[{"context":"tgt","contextType":"variable","element":"subject","transform":"copy","parameter":[{"valueId":"subject"}]}]},{"name":"f21d6e36","source":[{"context":"src"}],"target":[{"context":"tgt","contextType":"variable","element":"status","transform":"copy","parameter":[{"valueString":"cancelled"}]},{"context":"tgt","contextType":"variable","element":"value","transform":"copy","parameter":[{"valueBoolean":false}]}]}]},{"name":"emcareobservationemcareb22de22","typeMode":"none","input":[{"name":"src","mode":"source"},{"name":"tgt","mode":"target"}],"rule":[{"name":"id-emcareb22de22","source":[{"context":"src"}],"target":[{"context":"tgt","contextType":"variable","element":"identifier","variable":"CodeID","transform":"create","parameter":[{"valueString":"Identifier"}]},{"context":"CodeID","contextType":"variable","element":"system","transform":"copy","parameter":[{"valueString":"http://hl7.org/fhir/namingsystem-identifier-type"}]},{"context":"CodeID","contextType":"variable","element":"use","transform":"copy","parameter":[{"valueString":"official"}]},{"context":"CodeID","contextType":"variable","element":"value","transform":"copy","parameter":[{"valueString":"uuid"}]},{"context":"CodeID","contextType":"variable","element":"id","transform":"uuid"}]},{"name":"35bc6b82","source":[{"context":"src","element":"encounter","variable":"encounter"}],"target":[{"context":"tgt","contextType":"variable","element":"encounter","transform":"copy","parameter":[{"valueId":"encounter"}]}]},{"name":"code-emcareb22de22","source":[{"context":"src","element":"subject","variable":"subject"}],"target":[{"context":"tgt","contextType":"variable","element":"subject","transform":"copy","parameter":[{"valueId":"subject"}]},{"context":"tgt","contextType":"variable","element":"meta","variable":"newMeta","transform":"create","parameter":[{"valueString":"Meta"}]},{"context":"newMeta","contextType":"variable","element":"profile","transform":"copy","parameter":[{"valueString":"https://fhir.dk.swisstph-mis.ch/matchbox/fhir/StructureDefinition/emcareobservation"}]},{"context":"tgt","contextType":"variable","element":"code","variable":"concept","transform":"create","parameter":[{"valueString":"CodeableConcept"}]},{"context":"concept","contextType":"variable","element":"coding","variable":"coding","transform":"create","parameter":[{"valueString":"Coding"}]},{"context":"coding","contextType":"variable","element":"system","transform":"copy","parameter":[{"valueString":"https://fhir.dk.swisstph-mis.ch/matchbox/fhir/CodeSystem/emcare-custom-codes"}]},{"context":"coding","contextType":"variable","element":"code","transform":"copy","parameter":[{"valueString":"EmCare.B22.DE22"}]}]},{"name":"aae7a11d","source":[{"context":"src","element":"item","variable":"itemtimestamp","condition":"linkId = 'timestamp'"}],"rule":[{"name":"7f22f29f","source":[{"context":"itemtimestamp","element":"answer","listMode":"first","variable":"atimestamp"}],"rule":[{"name":"5af77f2c","source":[{"context":"atimestamp","element":"value","variable":"val"}],"target":[{"context":"tgt","contextType":"variable","element":"issued","transform":"copy","parameter":[{"valueId":"val"}]}]}]}]},{"name":"patient","source":[{"context":"src","element":"subject","variable":"subject"}],"target":[{"context":"tgt","contextType":"variable","element":"subject","transform":"copy","parameter":[{"valueId":"subject"}]}]},{"name":"dd2a446b","source":[{"context":"src","element":"item","listMode":"first","variable":"item","condition":"(linkId = 'EmCare.B22.DE22') and answer.exists()"}],"rule":[{"name":"721205d5","source":[{"context":"item","element":"answer","listMode":"first","variable":"a"}],"rule":[{"name":"26c2c8c7","source":[{"context":"a","element":"value","variable":"val"}],"rule":[{"name":"8a65aaa5","source":[{"context":"val","condition":"val.code = 'true'"}],"target":[{"context":"tgt","contextType":"variable","element":"status","transform":"copy","parameter":[{"valueString":"final"}]},{"context":"tgt","contextType":"variable","element":"value","transform":"copy","parameter":[{"valueBoolean":true}]}]}]}]}]}]},{"name":"emcareobservationemcareb22de21","typeMode":"none","input":[{"name":"src","mode":"source"},{"name":"tgt","mode":"target"}],"rule":[{"name":"id-emcareb22de21","source":[{"context":"src"}],"target":[{"context":"tgt","contextType":"variable","element":"identifier","variable":"CodeID","transform":"create","parameter":[{"valueString":"Identifier"}]},{"context":"CodeID","contextType":"variable","element":"system","transform":"copy","parameter":[{"valueString":"http://hl7.org/fhir/namingsystem-identifier-type"}]},{"context":"CodeID","contextType":"variable","element":"use","transform":"copy","parameter":[{"valueString":"official"}]},{"context":"CodeID","contextType":"variable","element":"value","transform":"copy","parameter":[{"valueString":"uuid"}]},{"context":"CodeID","contextType":"variable","element":"id","transform":"uuid"}]},{"name":"35bc6b82","source":[{"context":"src","element":"encounter","variable":"encounter"}],"target":[{"context":"tgt","contextType":"variable","element":"encounter","transform":"copy","parameter":[{"valueId":"encounter"}]}]},{"name":"code-emcareb22de21","source":[{"context":"src","element":"subject","variable":"subject"}],"target":[{"context":"tgt","contextType":"variable","element":"subject","transform":"copy","parameter":[{"valueId":"subject"}]},{"context":"tgt","contextType":"variable","element":"meta","variable":"newMeta","transform":"create","parameter":[{"valueString":"Meta"}]},{"context":"newMeta","contextType":"variable","element":"profile","transform":"copy","parameter":[{"valueString":"https://fhir.dk.swisstph-mis.ch/matchbox/fhir/StructureDefinition/emcareobservation"}]},{"context":"tgt","contextType":"variable","element":"code","variable":"concept","transform":"create","parameter":[{"valueString":"CodeableConcept"}]},{"context":"concept","contextType":"variable","element":"coding","variable":"coding","transform":"create","parameter":[{"valueString":"Coding"}]},{"context":"coding","contextType":"variable","element":"system","transform":"copy","parameter":[{"valueString":"https://fhir.dk.swisstph-mis.ch/matchbox/fhir/CodeSystem/emcare-custom-codes"}]},{"context":"coding","contextType":"variable","element":"code","transform":"copy","parameter":[{"valueString":"EmCare.B22.DE21"}]}]},{"name":"aae7a11d","source":[{"context":"src","element":"item","variable":"itemtimestamp","condition":"linkId = 'timestamp'"}],"rule":[{"name":"7f22f29f","source":[{"context":"itemtimestamp","element":"answer","listMode":"first","variable":"atimestamp"}],"rule":[{"name":"5af77f2c","source":[{"context":"atimestamp","element":"value","variable":"val"}],"target":[{"context":"tgt","contextType":"variable","element":"issued","transform":"copy","parameter":[{"valueId":"val"}]}]}]}]},{"name":"patient","source":[{"context":"src","element":"subject","variable":"subject"}],"target":[{"context":"tgt","contextType":"variable","element":"subject","transform":"copy","parameter":[{"valueId":"subject"}]}]},{"name":"be0b9dbe","source":[{"context":"src","element":"item","listMode":"first","variable":"item","condition":"(linkId = 'EmCare.B22.DE21') and answer.exists()"}],"rule":[{"name":"bdab9370","source":[{"context":"item","element":"answer","listMode":"first","variable":"a"}],"rule":[{"name":"final-emcareb22de21","source":[{"context":"a","condition":"a.value = true"}],"target":[{"context":"tgt","contextType":"variable","element":"status","transform":"copy","parameter":[{"valueString":"final"}]},{"context":"tgt","contextType":"variable","element":"value","transform":"copy","parameter":[{"valueBoolean":true}]}]},{"name":"notfound-emcareb22de21","source":[{"context":"a","condition":"a.value = false"}],"target":[{"context":"tgt","contextType":"variable","element":"status","transform":"copy","parameter":[{"valueString":"cancelled"}]},{"context":"tgt","contextType":"variable","element":"value","transform":"copy","parameter":[{"valueBoolean":false}]}]}]}]}]}]}