{"resourceType":"StructureMap","id":"emcare.b22.secondtemperature","text":{"status":"generated","div":"<div xmlns=\"http://www.w3.org/1999/xhtml\"><pre>map &quot;https://fhir.dk.swisstph-mis.ch/matchbox/fhir/StructureMap/emcare.b22.secondtemperature&quot; = &quot;emcare.b22.secondtemperature&quot;\r\n\r\n\r\nuses &quot;http://hl7.org/fhir/uv/sdc/StructureDefinition/sdc-questionnaireresponse&quot; alias 'questionnaireResponse' as source\r\nuses &quot;http://hl7.org/fhir/StructureDefinition/Bundle&quot; alias 'Bundle' as target\r\nuses &quot;https://fhir.dk.swisstph-mis.ch/matchbox/fhir/StructureDefinition/observation&quot; alias 'Observation' as target\r\nuses &quot;https://fhir.dk.swisstph-mis.ch/matchbox/fhir/StructureDefinition/emcareobservation&quot; alias 'EmCare Observation' as produced\r\n\r\ngroup bundletrans(source src : questionnaireResponse, target bundle : Bundle) {\r\n  src -&gt; bundle.id = uuid() &quot;id&quot;;\r\n  src -&gt; bundle.type = 'batch' &quot;type&quot;;\r\n  src.item first as item where (linkId = 'EmCare.B22.DE47') and answer.exists() then {\r\n    src -&gt; bundle.entry as entry then {\r\n      src -&gt;  entry.request as request,  request.method = 'POST',  uuid() as uuid,  request.url = append('/Observation/', uuid) &quot;b50ac4c5&quot;;\r\n      src -&gt; entry.resource = create('Observation') as tgt then {\r\n        src -&gt; tgt then emcareobservationemcareb22de47(src, tgt) &quot;27e1ae58&quot;;\r\n      } &quot;68ad31bf&quot;;\r\n    } &quot;6ac0c1c9&quot;;\r\n  } &quot;921b6c4e&quot;;\r\n  src.item first as item where (linkId = 'EmCare.B22.DE46') and answer.exists() then {\r\n    src -&gt; bundle.entry as entry then {\r\n      src -&gt;  entry.request as request,  request.method = 'POST',  uuid() as uuid,  request.url = append('/Observation/', uuid) &quot;b50ac4c5&quot;;\r\n      src -&gt; entry.resource = create('Observation') as tgt then {\r\n        src -&gt; tgt then emcareobservationemcareb22de46(src, tgt) &quot;d4ea6333&quot;;\r\n      } &quot;1ee0adeb&quot;;\r\n    } &quot;9266b262&quot;;\r\n  } &quot;822ffc0d&quot;;\r\n  src.item first as item where (linkId = 'EmCare.B22.DE50') and answer.exists() then {\r\n    src -&gt; bundle.entry as entry then {\r\n      src -&gt;  entry.request as request,  request.method = 'POST',  uuid() as uuid,  request.url = append('/Observation/', uuid) &quot;b50ac4c5&quot;;\r\n      src -&gt; entry.resource = create('Observation') as tgt then {\r\n        src -&gt; tgt then emcareobservationemcareb22de50(src, tgt) &quot;b5c48578&quot;;\r\n      } &quot;1d3deeec&quot;;\r\n    } &quot;82120e52&quot;;\r\n  } &quot;7a077eb8&quot;;\r\n}\r\n\r\ngroup emcareobservationemcareb22de47(source src, target tgt) {\r\n  src -&gt;  tgt.identifier = create('Identifier') as CodeID,  CodeID.system = 'http://hl7.org/fhir/namingsystem-identifier-type',  CodeID.use = 'official',  CodeID.value = 'uuid',  CodeID.id = uuid() &quot;id-emcareb22de47&quot;;\r\n  src.encounter as encounter -&gt; tgt.encounter = encounter &quot;35bc6b82&quot;;\r\n  src.subject as subject -&gt;  tgt.subject = subject,  tgt.meta = create('Meta') as newMeta,  newMeta.profile = 'https://fhir.dk.swisstph-mis.ch/matchbox/fhir/StructureDefinition/emcareobservation',  tgt.code = create('CodeableConcept') as concept,  concept.coding = create('Coding') as coding,  coding.system = 'https://fhir.dk.swisstph-mis.ch/matchbox/fhir/CodeSystem/emcare-custom-codes',  coding.code = 'EmCare.B22.DE47' &quot;code-emcareb22de47&quot;;\r\n  src.item as itemtimestamp where linkId = 'timestamp' then {\r\n    itemtimestamp.answer first as atimestamp then {\r\n      atimestamp.value as val -&gt; tgt.issued = val &quot;5af77f2c&quot;;\r\n    } &quot;7f22f29f&quot;;\r\n  } &quot;aae7a11d&quot;;\r\n  src.subject as subject -&gt; tgt.subject = subject &quot;patient&quot;;\r\n  src.item first as item where (linkId = 'EmCare.B22.DE47') and answer.exists() then {\r\n    item.answer first as a then {\r\n      a.value as val -&gt;  tgt.value = val,  tgt.status = 'final' &quot;afa0ccc0&quot;;\r\n    } &quot;d40466ff&quot;;\r\n  } &quot;48393240&quot;;\r\n}\r\n\r\ngroup emcareobservationemcareb22de46(source src, target tgt) {\r\n  src -&gt;  tgt.identifier = create('Identifier') as CodeID,  CodeID.system = 'http://hl7.org/fhir/namingsystem-identifier-type',  CodeID.use = 'official',  CodeID.value = 'uuid',  CodeID.id = uuid() &quot;id-emcareb22de46&quot;;\r\n  src.encounter as encounter -&gt; tgt.encounter = encounter &quot;35bc6b82&quot;;\r\n  src.subject as subject -&gt;  tgt.subject = subject,  tgt.meta = create('Meta') as newMeta,  newMeta.profile = 'https://fhir.dk.swisstph-mis.ch/matchbox/fhir/StructureDefinition/emcareobservation',  tgt.code = create('CodeableConcept') as concept,  concept.coding = create('Coding') as coding,  coding.system = 'https://fhir.dk.swisstph-mis.ch/matchbox/fhir/CodeSystem/emcare-custom-codes',  coding.code = 'EmCare.B22.DE46' &quot;code-emcareb22de46&quot;;\r\n  src.item as itemtimestamp where linkId = 'timestamp' then {\r\n    itemtimestamp.answer first as atimestamp then {\r\n      atimestamp.value as val -&gt; tgt.issued = val &quot;5af77f2c&quot;;\r\n    } &quot;7f22f29f&quot;;\r\n  } &quot;aae7a11d&quot;;\r\n  src.subject as subject -&gt; tgt.subject = subject &quot;patient&quot;;\r\n  src.item first as item where (linkId = 'EmCare.B22.DE46') and answer.exists() then {\r\n    item.answer first as a then {\r\n      a.value as val then {\r\n        val where val.code = 'true' -&gt;  tgt.status = 'final',  tgt.value = true &quot;8a65aaa5&quot;;\r\n      } &quot;26c2c8c7&quot;;\r\n    } &quot;721205d5&quot;;\r\n  } &quot;a4475795&quot;;\r\n}\r\n\r\ngroup emcareobservationemcareb22de50(source src, target tgt) {\r\n  src -&gt;  tgt.identifier = create('Identifier') as CodeID,  CodeID.system = 'http://hl7.org/fhir/namingsystem-identifier-type',  CodeID.use = 'official',  CodeID.value = 'uuid',  CodeID.id = uuid() &quot;id-emcareb22de50&quot;;\r\n  src.encounter as encounter -&gt; tgt.encounter = encounter &quot;35bc6b82&quot;;\r\n  src.subject as subject -&gt;  tgt.subject = subject,  tgt.meta = create('Meta') as newMeta,  newMeta.profile = 'https://fhir.dk.swisstph-mis.ch/matchbox/fhir/StructureDefinition/emcareobservation',  tgt.code = create('CodeableConcept') as concept,  concept.coding = create('Coding') as coding,  coding.system = 'https://fhir.dk.swisstph-mis.ch/matchbox/fhir/CodeSystem/emcare-custom-codes',  coding.code = 'EmCare.B22.DE50' &quot;code-emcareb22de50&quot;;\r\n  src.item as itemtimestamp where linkId = 'timestamp' then {\r\n    itemtimestamp.answer first as atimestamp then {\r\n      atimestamp.value as val -&gt; tgt.issued = val &quot;5af77f2c&quot;;\r\n    } &quot;7f22f29f&quot;;\r\n  } &quot;aae7a11d&quot;;\r\n  src.subject as subject -&gt; tgt.subject = subject &quot;patient&quot;;\r\n  src.item first as item where (linkId = 'EmCare.B22.DE50') and answer.exists() then {\r\n    item.answer first as a then {\r\n      a.value as val then {\r\n        val -&gt;  tgt.value = create('CodeableConcept') as cc,  cc.coding = create('Coding') as c,  c.code = val,  c.system = 'https://fhir.dk.swisstph-mis.ch/matchbox/fhir/CodeSystem/emcare-custom-codes',  tgt.status = 'final' &quot;759a9a54&quot;;\r\n      } &quot;1b820ab0&quot;;\r\n    } &quot;d39f9088&quot;;\r\n  } &quot;7972a70f&quot;;\r\n}\r\n\r\n</pre></div>"},"url":"https://fhir.dk.swisstph-mis.ch/matchbox/fhir/StructureMap/emcare.b22.secondtemperature","version":"0.1.0","name":"emcare.b22.secondtemperature","status":"active","date":"2023-04-12T04:59:54+00:00","publisher":"World Health Organization (WHO)","contact":[{"telecom":[{"system":"url","value":"https://www.who.int"}]}],"jurisdiction":[{"coding":[{"system":"http://unstats.un.org/unsd/methods/m49/m49.htm","code":"001"}]}],"structure":[{"url":"http://hl7.org/fhir/uv/sdc/StructureDefinition/sdc-questionnaireresponse","mode":"source","alias":"'questionnaireResponse'"},{"url":"http://hl7.org/fhir/StructureDefinition/Bundle","mode":"target","alias":"'Bundle'"},{"url":"https://fhir.dk.swisstph-mis.ch/matchbox/fhir/StructureDefinition/observation","mode":"target","alias":"'Observation'"},{"url":"https://fhir.dk.swisstph-mis.ch/matchbox/fhir/StructureDefinition/emcareobservation","mode":"produced","alias":"'EmCare Observation'"}],"group":[{"name":"bundletrans","typeMode":"none","input":[{"name":"src","type":"questionnaireResponse","mode":"source"},{"name":"bundle","type":"Bundle","mode":"target"}],"rule":[{"name":"id","source":[{"context":"src"}],"target":[{"context":"bundle","contextType":"variable","element":"id","transform":"uuid"}]},{"name":"type","source":[{"context":"src"}],"target":[{"context":"bundle","contextType":"variable","element":"type","transform":"copy","parameter":[{"valueString":"batch"}]}]},{"name":"921b6c4e","source":[{"context":"src","element":"item","listMode":"first","variable":"item","condition":"(linkId = 'EmCare.B22.DE47') and answer.exists()"}],"rule":[{"name":"6ac0c1c9","source":[{"context":"src"}],"target":[{"context":"bundle","contextType":"variable","element":"entry","variable":"entry"}],"rule":[{"name":"b50ac4c5","source":[{"context":"src"}],"target":[{"context":"entry","contextType":"variable","element":"request","variable":"request"},{"context":"request","contextType":"variable","element":"method","transform":"copy","parameter":[{"valueString":"POST"}]},{"contextType":"variable","variable":"uuid","transform":"uuid"},{"context":"request","contextType":"variable","element":"url","transform":"append","parameter":[{"valueString":"/Observation/"},{"valueId":"uuid"}]}]},{"name":"68ad31bf","source":[{"context":"src"}],"target":[{"context":"entry","contextType":"variable","element":"resource","variable":"tgt","transform":"create","parameter":[{"valueString":"Observation"}]}],"rule":[{"name":"27e1ae58","source":[{"context":"src"}],"target":[{"contextType":"variable","transform":"copy","parameter":[{"valueId":"tgt"}]}],"dependent":[{"name":"emcareobservationemcareb22de47","variable":["src","tgt"],"_variable":[{"extension":[{"url":"http://hl7.org/fhir/tools/StructureDefinition/original-item-type","valueUrl":"id"}]},{"extension":[{"url":"http://hl7.org/fhir/tools/StructureDefinition/original-item-type","valueUrl":"id"}]}]}]}]}]}]},{"name":"822ffc0d","source":[{"context":"src","element":"item","listMode":"first","variable":"item","condition":"(linkId = 'EmCare.B22.DE46') and answer.exists()"}],"rule":[{"name":"9266b262","source":[{"context":"src"}],"target":[{"context":"bundle","contextType":"variable","element":"entry","variable":"entry"}],"rule":[{"name":"b50ac4c5","source":[{"context":"src"}],"target":[{"context":"entry","contextType":"variable","element":"request","variable":"request"},{"context":"request","contextType":"variable","element":"method","transform":"copy","parameter":[{"valueString":"POST"}]},{"contextType":"variable","variable":"uuid","transform":"uuid"},{"context":"request","contextType":"variable","element":"url","transform":"append","parameter":[{"valueString":"/Observation/"},{"valueId":"uuid"}]}]},{"name":"1ee0adeb","source":[{"context":"src"}],"target":[{"context":"entry","contextType":"variable","element":"resource","variable":"tgt","transform":"create","parameter":[{"valueString":"Observation"}]}],"rule":[{"name":"d4ea6333","source":[{"context":"src"}],"target":[{"contextType":"variable","transform":"copy","parameter":[{"valueId":"tgt"}]}],"dependent":[{"name":"emcareobservationemcareb22de46","variable":["src","tgt"],"_variable":[{"extension":[{"url":"http://hl7.org/fhir/tools/StructureDefinition/original-item-type","valueUrl":"id"}]},{"extension":[{"url":"http://hl7.org/fhir/tools/StructureDefinition/original-item-type","valueUrl":"id"}]}]}]}]}]}]},{"name":"7a077eb8","source":[{"context":"src","element":"item","listMode":"first","variable":"item","condition":"(linkId = 'EmCare.B22.DE50') and answer.exists()"}],"rule":[{"name":"82120e52","source":[{"context":"src"}],"target":[{"context":"bundle","contextType":"variable","element":"entry","variable":"entry"}],"rule":[{"name":"b50ac4c5","source":[{"context":"src"}],"target":[{"context":"entry","contextType":"variable","element":"request","variable":"request"},{"context":"request","contextType":"variable","element":"method","transform":"copy","parameter":[{"valueString":"POST"}]},{"contextType":"variable","variable":"uuid","transform":"uuid"},{"context":"request","contextType":"variable","element":"url","transform":"append","parameter":[{"valueString":"/Observation/"},{"valueId":"uuid"}]}]},{"name":"1d3deeec","source":[{"context":"src"}],"target":[{"context":"entry","contextType":"variable","element":"resource","variable":"tgt","transform":"create","parameter":[{"valueString":"Observation"}]}],"rule":[{"name":"b5c48578","source":[{"context":"src"}],"target":[{"contextType":"variable","transform":"copy","parameter":[{"valueId":"tgt"}]}],"dependent":[{"name":"emcareobservationemcareb22de50","variable":["src","tgt"],"_variable":[{"extension":[{"url":"http://hl7.org/fhir/tools/StructureDefinition/original-item-type","valueUrl":"id"}]},{"extension":[{"url":"http://hl7.org/fhir/tools/StructureDefinition/original-item-type","valueUrl":"id"}]}]}]}]}]}]}]},{"name":"emcareobservationemcareb22de47","typeMode":"none","input":[{"name":"src","mode":"source"},{"name":"tgt","mode":"target"}],"rule":[{"name":"id-emcareb22de47","source":[{"context":"src"}],"target":[{"context":"tgt","contextType":"variable","element":"identifier","variable":"CodeID","transform":"create","parameter":[{"valueString":"Identifier"}]},{"context":"CodeID","contextType":"variable","element":"system","transform":"copy","parameter":[{"valueString":"http://hl7.org/fhir/namingsystem-identifier-type"}]},{"context":"CodeID","contextType":"variable","element":"use","transform":"copy","parameter":[{"valueString":"official"}]},{"context":"CodeID","contextType":"variable","element":"value","transform":"copy","parameter":[{"valueString":"uuid"}]},{"context":"CodeID","contextType":"variable","element":"id","transform":"uuid"}]},{"name":"35bc6b82","source":[{"context":"src","element":"encounter","variable":"encounter"}],"target":[{"context":"tgt","contextType":"variable","element":"encounter","transform":"copy","parameter":[{"valueId":"encounter"}]}]},{"name":"code-emcareb22de47","source":[{"context":"src","element":"subject","variable":"subject"}],"target":[{"context":"tgt","contextType":"variable","element":"subject","transform":"copy","parameter":[{"valueId":"subject"}]},{"context":"tgt","contextType":"variable","element":"meta","variable":"newMeta","transform":"create","parameter":[{"valueString":"Meta"}]},{"context":"newMeta","contextType":"variable","element":"profile","transform":"copy","parameter":[{"valueString":"https://fhir.dk.swisstph-mis.ch/matchbox/fhir/StructureDefinition/emcareobservation"}]},{"context":"tgt","contextType":"variable","element":"code","variable":"concept","transform":"create","parameter":[{"valueString":"CodeableConcept"}]},{"context":"concept","contextType":"variable","element":"coding","variable":"coding","transform":"create","parameter":[{"valueString":"Coding"}]},{"context":"coding","contextType":"variable","element":"system","transform":"copy","parameter":[{"valueString":"https://fhir.dk.swisstph-mis.ch/matchbox/fhir/CodeSystem/emcare-custom-codes"}]},{"context":"coding","contextType":"variable","element":"code","transform":"copy","parameter":[{"valueString":"EmCare.B22.DE47"}]}]},{"name":"aae7a11d","source":[{"context":"src","element":"item","variable":"itemtimestamp","condition":"linkId = 'timestamp'"}],"rule":[{"name":"7f22f29f","source":[{"context":"itemtimestamp","element":"answer","listMode":"first","variable":"atimestamp"}],"rule":[{"name":"5af77f2c","source":[{"context":"atimestamp","element":"value","variable":"val"}],"target":[{"context":"tgt","contextType":"variable","element":"issued","transform":"copy","parameter":[{"valueId":"val"}]}]}]}]},{"name":"patient","source":[{"context":"src","element":"subject","variable":"subject"}],"target":[{"context":"tgt","contextType":"variable","element":"subject","transform":"copy","parameter":[{"valueId":"subject"}]}]},{"name":"48393240","source":[{"context":"src","element":"item","listMode":"first","variable":"item","condition":"(linkId = 'EmCare.B22.DE47') and answer.exists()"}],"rule":[{"name":"d40466ff","source":[{"context":"item","element":"answer","listMode":"first","variable":"a"}],"rule":[{"name":"afa0ccc0","source":[{"context":"a","element":"value","variable":"val"}],"target":[{"context":"tgt","contextType":"variable","element":"value","transform":"copy","parameter":[{"valueId":"val"}]},{"context":"tgt","contextType":"variable","element":"status","transform":"copy","parameter":[{"valueString":"final"}]}]}]}]}]},{"name":"emcareobservationemcareb22de46","typeMode":"none","input":[{"name":"src","mode":"source"},{"name":"tgt","mode":"target"}],"rule":[{"name":"id-emcareb22de46","source":[{"context":"src"}],"target":[{"context":"tgt","contextType":"variable","element":"identifier","variable":"CodeID","transform":"create","parameter":[{"valueString":"Identifier"}]},{"context":"CodeID","contextType":"variable","element":"system","transform":"copy","parameter":[{"valueString":"http://hl7.org/fhir/namingsystem-identifier-type"}]},{"context":"CodeID","contextType":"variable","element":"use","transform":"copy","parameter":[{"valueString":"official"}]},{"context":"CodeID","contextType":"variable","element":"value","transform":"copy","parameter":[{"valueString":"uuid"}]},{"context":"CodeID","contextType":"variable","element":"id","transform":"uuid"}]},{"name":"35bc6b82","source":[{"context":"src","element":"encounter","variable":"encounter"}],"target":[{"context":"tgt","contextType":"variable","element":"encounter","transform":"copy","parameter":[{"valueId":"encounter"}]}]},{"name":"code-emcareb22de46","source":[{"context":"src","element":"subject","variable":"subject"}],"target":[{"context":"tgt","contextType":"variable","element":"subject","transform":"copy","parameter":[{"valueId":"subject"}]},{"context":"tgt","contextType":"variable","element":"meta","variable":"newMeta","transform":"create","parameter":[{"valueString":"Meta"}]},{"context":"newMeta","contextType":"variable","element":"profile","transform":"copy","parameter":[{"valueString":"https://fhir.dk.swisstph-mis.ch/matchbox/fhir/StructureDefinition/emcareobservation"}]},{"context":"tgt","contextType":"variable","element":"code","variable":"concept","transform":"create","parameter":[{"valueString":"CodeableConcept"}]},{"context":"concept","contextType":"variable","element":"coding","variable":"coding","transform":"create","parameter":[{"valueString":"Coding"}]},{"context":"coding","contextType":"variable","element":"system","transform":"copy","parameter":[{"valueString":"https://fhir.dk.swisstph-mis.ch/matchbox/fhir/CodeSystem/emcare-custom-codes"}]},{"context":"coding","contextType":"variable","element":"code","transform":"copy","parameter":[{"valueString":"EmCare.B22.DE46"}]}]},{"name":"aae7a11d","source":[{"context":"src","element":"item","variable":"itemtimestamp","condition":"linkId = 'timestamp'"}],"rule":[{"name":"7f22f29f","source":[{"context":"itemtimestamp","element":"answer","listMode":"first","variable":"atimestamp"}],"rule":[{"name":"5af77f2c","source":[{"context":"atimestamp","element":"value","variable":"val"}],"target":[{"context":"tgt","contextType":"variable","element":"issued","transform":"copy","parameter":[{"valueId":"val"}]}]}]}]},{"name":"patient","source":[{"context":"src","element":"subject","variable":"subject"}],"target":[{"context":"tgt","contextType":"variable","element":"subject","transform":"copy","parameter":[{"valueId":"subject"}]}]},{"name":"a4475795","source":[{"context":"src","element":"item","listMode":"first","variable":"item","condition":"(linkId = 'EmCare.B22.DE46') and answer.exists()"}],"rule":[{"name":"721205d5","source":[{"context":"item","element":"answer","listMode":"first","variable":"a"}],"rule":[{"name":"26c2c8c7","source":[{"context":"a","element":"value","variable":"val"}],"rule":[{"name":"8a65aaa5","source":[{"context":"val","condition":"val.code = 'true'"}],"target":[{"context":"tgt","contextType":"variable","element":"status","transform":"copy","parameter":[{"valueString":"final"}]},{"context":"tgt","contextType":"variable","element":"value","transform":"copy","parameter":[{"valueBoolean":true}]}]}]}]}]}]},{"name":"emcareobservationemcareb22de50","typeMode":"none","input":[{"name":"src","mode":"source"},{"name":"tgt","mode":"target"}],"rule":[{"name":"id-emcareb22de50","source":[{"context":"src"}],"target":[{"context":"tgt","contextType":"variable","element":"identifier","variable":"CodeID","transform":"create","parameter":[{"valueString":"Identifier"}]},{"context":"CodeID","contextType":"variable","element":"system","transform":"copy","parameter":[{"valueString":"http://hl7.org/fhir/namingsystem-identifier-type"}]},{"context":"CodeID","contextType":"variable","element":"use","transform":"copy","parameter":[{"valueString":"official"}]},{"context":"CodeID","contextType":"variable","element":"value","transform":"copy","parameter":[{"valueString":"uuid"}]},{"context":"CodeID","contextType":"variable","element":"id","transform":"uuid"}]},{"name":"35bc6b82","source":[{"context":"src","element":"encounter","variable":"encounter"}],"target":[{"context":"tgt","contextType":"variable","element":"encounter","transform":"copy","parameter":[{"valueId":"encounter"}]}]},{"name":"code-emcareb22de50","source":[{"context":"src","element":"subject","variable":"subject"}],"target":[{"context":"tgt","contextType":"variable","element":"subject","transform":"copy","parameter":[{"valueId":"subject"}]},{"context":"tgt","contextType":"variable","element":"meta","variable":"newMeta","transform":"create","parameter":[{"valueString":"Meta"}]},{"context":"newMeta","contextType":"variable","element":"profile","transform":"copy","parameter":[{"valueString":"https://fhir.dk.swisstph-mis.ch/matchbox/fhir/StructureDefinition/emcareobservation"}]},{"context":"tgt","contextType":"variable","element":"code","variable":"concept","transform":"create","parameter":[{"valueString":"CodeableConcept"}]},{"context":"concept","contextType":"variable","element":"coding","variable":"coding","transform":"create","parameter":[{"valueString":"Coding"}]},{"context":"coding","contextType":"variable","element":"system","transform":"copy","parameter":[{"valueString":"https://fhir.dk.swisstph-mis.ch/matchbox/fhir/CodeSystem/emcare-custom-codes"}]},{"context":"coding","contextType":"variable","element":"code","transform":"copy","parameter":[{"valueString":"EmCare.B22.DE50"}]}]},{"name":"aae7a11d","source":[{"context":"src","element":"item","variable":"itemtimestamp","condition":"linkId = 'timestamp'"}],"rule":[{"name":"7f22f29f","source":[{"context":"itemtimestamp","element":"answer","listMode":"first","variable":"atimestamp"}],"rule":[{"name":"5af77f2c","source":[{"context":"atimestamp","element":"value","variable":"val"}],"target":[{"context":"tgt","contextType":"variable","element":"issued","transform":"copy","parameter":[{"valueId":"val"}]}]}]}]},{"name":"patient","source":[{"context":"src","element":"subject","variable":"subject"}],"target":[{"context":"tgt","contextType":"variable","element":"subject","transform":"copy","parameter":[{"valueId":"subject"}]}]},{"name":"7972a70f","source":[{"context":"src","element":"item","listMode":"first","variable":"item","condition":"(linkId = 'EmCare.B22.DE50') and answer.exists()"}],"rule":[{"name":"d39f9088","source":[{"context":"item","element":"answer","listMode":"first","variable":"a"}],"rule":[{"name":"1b820ab0","source":[{"context":"a","element":"value","variable":"val"}],"rule":[{"name":"759a9a54","source":[{"context":"val"}],"target":[{"context":"tgt","contextType":"variable","element":"value","variable":"cc","transform":"create","parameter":[{"valueString":"CodeableConcept"}]},{"context":"cc","contextType":"variable","element":"coding","variable":"c","transform":"create","parameter":[{"valueString":"Coding"}]},{"context":"c","contextType":"variable","element":"code","transform":"copy","parameter":[{"valueId":"val"}]},{"context":"c","contextType":"variable","element":"system","transform":"copy","parameter":[{"valueString":"https://fhir.dk.swisstph-mis.ch/matchbox/fhir/CodeSystem/emcare-custom-codes"}]},{"context":"tgt","contextType":"variable","element":"status","transform":"copy","parameter":[{"valueString":"final"}]}]}]}]}]}]}]}