{"resourceType":"ValueSet","id":"add-pb","text":{"status":"extensions","div":"<div xmlns=\"http://www.w3.org/1999/xhtml\"><ul><li>Include these codes as defined in <a href=\"CodeSystem-emcare-custom-codes.html\"><code>https://fhir.dk.swisstph-mis.ch/matchbox/fhir/CodeSystem/emcare-custom-codes</code></a><table class=\"none\"><tr><td style=\"white-space:nowrap\"><b>Code</b></td><td><b>Display</b></td><td><b>Definition</b></td></tr><tr><td><a href=\"CodeSystem-emcare-custom-codes.html#emcare-custom-codes-EmCare.46B14S2.46DE44\">EmCare.B14S2.DE44</a></td><td>Skin Problem</td><td>The health care worker would like to add a skin problem</td></tr><tr><td><a href=\"CodeSystem-emcare-custom-codes.html#emcare-custom-codes-EmCare.46B14S2.46DE45\">EmCare.B14S2.DE45</a></td><td>Oral Sores or Mouth Ulcers</td><td>The health care worker would like to add an Oral Sores or Mouth Ulcers problem</td></tr><tr><td><a href=\"CodeSystem-emcare-custom-codes.html#emcare-custom-codes-EmCare.46B14S2.46DE46\">EmCare.B14S2.DE46</a></td><td>Eye Problem</td><td>The health care worker would like to add an Eye problem</td></tr><tr><td><a href=\"CodeSystem-emcare-custom-codes.html#emcare-custom-codes-EmCare.46B14S2.46DE47\">EmCare.B14S2.DE47</a></td><td>No - Do not add a Skin or Mouth or Eye Problem</td><td>The healthcare worker would not like to add a Skin or Mouth or Eye Problem</td></tr></table></li></ul></div>"},"url":"https://fhir.dk.swisstph-mis.ch/matchbox/fhir/ValueSet/add-pb","version":"0.1.0","name":"valueset-add-pb","title":"EmCare.B14S2.DE43","status":"draft","experimental":false,"date":"2023-04-03T14:56:37+00:00","publisher":"World Health Organization (WHO)","contact":[{"telecom":[{"system":"url","value":"https://www.who.int"}]}],"description":"Add a Skin or Mouth or Eye Problem","jurisdiction":[{"coding":[{"system":"http://unstats.un.org/unsd/methods/m49/m49.htm","code":"001"}]}],"immutable":true,"compose":{"include":[{"system":"https://fhir.dk.swisstph-mis.ch/matchbox/fhir/CodeSystem/emcare-custom-codes","concept":[{"code":"EmCare.B14S2.DE44","display":"Skin Problem","designation":[{"value":"The health care worker would like to add a skin problem"}]},{"code":"EmCare.B14S2.DE45","display":"Oral Sores or Mouth Ulcers","designation":[{"value":"The health care worker would like to add an Oral Sores or Mouth Ulcers problem"}]},{"code":"EmCare.B14S2.DE46","display":"Eye Problem","designation":[{"value":"The health care worker would like to add an Eye problem"}]},{"code":"EmCare.B14S2.DE47","display":"No - Do not add a Skin or Mouth or Eye Problem","designation":[{"value":"The healthcare worker would not like to add a Skin or Mouth or Eye Problem"}]}]}]}}