{"resourceType":"ValueSet","id":"weight-status","text":{"status":"extensions","div":"<div xmlns=\"http://www.w3.org/1999/xhtml\"><ul><li>Include these codes as defined in <a href=\"CodeSystem-emcare-custom-codes.html\"><code>https://fhir.dk.swisstph-mis.ch/matchbox/fhir/CodeSystem/emcare-custom-codes</code></a><table class=\"none\"><tr><td style=\"white-space:nowrap\"><b>Code</b></td><td><b>Display</b></td><td><b>Definition</b></td></tr><tr><td><a href=\"CodeSystem-emcare-custom-codes.html#emcare-custom-codes-EmCare.46B21S2.46DE02\">EmCare.B21S2.DE02</a></td><td>Very Low Weight for Age</td><td>The client has a very low weight for age (Weight &lt; 2Kg and &lt;7 Days old)</td></tr><tr><td><a href=\"CodeSystem-emcare-custom-codes.html#emcare-custom-codes-EmCare.46B21S2.46DE03\">EmCare.B21S2.DE03</a></td><td>Low Weight for Age</td><td>The client has a low weight for age (derived from a WFA Z Score is &lt; -2)</td></tr><tr><td><a href=\"CodeSystem-emcare-custom-codes.html#emcare-custom-codes-EmCare.46B21S2.46DE04\">EmCare.B21S2.DE04</a></td><td>Normal Weight for Age</td><td>The client is a normal weight for age (derived from a normal WFA Z Score is ≥ -2</td></tr></table></li></ul></div>"},"url":"https://fhir.dk.swisstph-mis.ch/matchbox/fhir/ValueSet/weight-status","version":"0.1.0","name":"valueset-weight-status","title":"EmCare.B21S2.DE01","status":"draft","experimental":false,"date":"2023-04-11T17:43:16+00:00","publisher":"World Health Organization (WHO)","contact":[{"telecom":[{"system":"url","value":"https://www.who.int"}]}],"description":"Weight Status","jurisdiction":[{"coding":[{"system":"http://unstats.un.org/unsd/methods/m49/m49.htm","code":"001"}]}],"immutable":true,"compose":{"include":[{"system":"https://fhir.dk.swisstph-mis.ch/matchbox/fhir/CodeSystem/emcare-custom-codes","concept":[{"code":"EmCare.B21S2.DE02","display":"Very Low Weight for Age","designation":[{"value":"The client has a very low weight for age (Weight < 2Kg and <7 Days old)"}]},{"code":"EmCare.B21S2.DE03","display":"Low Weight for Age","designation":[{"value":"The client has a low weight for age (derived from a WFA Z Score is < -2)"}]},{"code":"EmCare.B21S2.DE04","display":"Normal Weight for Age","designation":[{"value":"The client is a normal weight for age (derived from a normal WFA Z Score is ≥ -2"}]}]}]}}