{"resourceType":"ValueSet","id":"relatedperson","text":{"status":"generated","div":"<div xmlns=\"http://www.w3.org/1999/xhtml\"><p>This value set includes codes based on the following rules:</p><ul/></div>"},"url":"https://fhir.dk.swisstph-mis.ch/matchbox/fhir/ValueSet/relatedperson","version":"0.1.0","name":"valueset-relatedperson","status":"draft","experimental":false,"date":"2023-04-03T14:56:37+00:00","publisher":"World Health Organization (WHO)","contact":[{"telecom":[{"system":"url","value":"https://www.who.int"}]}],"description":"Codes representing possible values for the Provide an estimated age or estimated date of birth element","jurisdiction":[{"coding":[{"system":"http://unstats.un.org/unsd/methods/m49/m49.htm","code":"001"}]}],"immutable":true}