{"resourceType":"ValueSet","id":"agreedisagree","text":{"status":"extensions","div":"<div xmlns=\"http://www.w3.org/1999/xhtml\"><ul><li>Include these codes as defined in <a href=\"CodeSystem-emcare-custom-codes.html\"><code>https://fhir.dk.swisstph-mis.ch/matchbox/fhir/CodeSystem/emcare-custom-codes</code></a><table class=\"none\"><tr><td style=\"white-space:nowrap\"><b>Code</b></td><td><b>Display</b></td><td><b>Definition</b></td></tr><tr><td><a href=\"CodeSystem-emcare-custom-codes.html#emcare-custom-codes-agree\">agree</a></td><td>Agree</td><td>Agree</td></tr><tr><td><a href=\"CodeSystem-emcare-custom-codes.html#emcare-custom-codes-disagree\">disagree</a></td><td>Disagree</td><td>Disagree</td></tr></table></li></ul></div>"},"url":"https://fhir.dk.swisstph-mis.ch/matchbox/fhir/ValueSet/agreedisagree","version":"0.1.0","name":"valueset-agreedisagree","status":"draft","experimental":false,"date":"2023-04-12T04:59:54+00:00","publisher":"World Health Organization (WHO)","contact":[{"telecom":[{"system":"url","value":"https://www.who.int"}]}],"description":"Codes representing possible values for the Provide an estimated age or estimated date of birth element","jurisdiction":[{"coding":[{"system":"http://unstats.un.org/unsd/methods/m49/m49.htm","code":"001"}]}],"immutable":true,"compose":{"include":[{"system":"https://fhir.dk.swisstph-mis.ch/matchbox/fhir/CodeSystem/emcare-custom-codes","concept":[{"code":"agree","display":"Agree","designation":[{"value":"Agree"}]},{"code":"disagree","display":"Disagree","designation":[{"value":"Disagree"}]}]}]}}