{"resourceType":"ValueSet","id":"yesnox","text":{"status":"extensions","div":"<div xmlns=\"http://www.w3.org/1999/xhtml\"><ul><li>Include these codes as defined in <a href=\"CodeSystem-emcare-custom-codes.html\"><code>https://fhir.dk.swisstph-mis.ch/matchbox/fhir/CodeSystem/emcare-custom-codes</code></a><table class=\"none\"><tr><td style=\"white-space:nowrap\"><b>Code</b></td><td><b>Display</b></td><td><b>Definition</b></td></tr><tr><td><a href=\"CodeSystem-emcare-custom-codes.html#emcare-custom-codes-yes\">yes</a></td><td>Yes</td><td>Yes</td></tr><tr><td><a href=\"CodeSystem-emcare-custom-codes.html#emcare-custom-codes-no\">no</a></td><td>No</td><td>No</td></tr><tr><td><a href=\"CodeSystem-emcare-custom-codes.html#emcare-custom-codes-EmCare.46A.46DE33\">EmCare.A.DE33</a></td><td>Unknown</td><td>Unknown</td></tr></table></li></ul></div>"},"url":"https://fhir.dk.swisstph-mis.ch/matchbox/fhir/ValueSet/yesnox","version":"0.1.0","name":"valueset-yesnox","status":"draft","experimental":false,"date":"2023-04-11T17:43:01+00:00","publisher":"World Health Organization (WHO)","contact":[{"telecom":[{"system":"url","value":"https://www.who.int"}]}],"description":"Codes representing possible values for the Provide an estimated age or estimated date of birth element","jurisdiction":[{"coding":[{"system":"http://unstats.un.org/unsd/methods/m49/m49.htm","code":"001"}]}],"immutable":true,"compose":{"include":[{"system":"https://fhir.dk.swisstph-mis.ch/matchbox/fhir/CodeSystem/emcare-custom-codes","concept":[{"code":"yes","display":"Yes","designation":[{"value":"Yes"}]},{"code":"no","display":"No","designation":[{"value":"No"}]},{"code":"EmCare.A.DE33","display":"Unknown","designation":[{"value":"Unknown"}]}]}]}}