{"resourceType":"ValueSet","id":"reason-consultation","text":{"status":"extensions","div":"<div xmlns=\"http://www.w3.org/1999/xhtml\"><ul><li>Include these codes as defined in <a href=\"CodeSystem-emcare-custom-codes.html\"><code>https://fhir.dk.swisstph-mis.ch/matchbox/fhir/CodeSystem/emcare-custom-codes</code></a><table class=\"none\"><tr><td style=\"white-space:nowrap\"><b>Code</b></td><td><b>Display</b></td><td><b>Definition</b></td></tr><tr><td><a href=\"CodeSystem-emcare-custom-codes.html#emcare-custom-codes-EmCare.46B3.46DE03\">EmCare.B3.DE03</a></td><td>Sick Child</td><td>The client's visit is for a sick child consultation</td></tr><tr><td><a href=\"CodeSystem-emcare-custom-codes.html#emcare-custom-codes-EmCare.46B3.46DE04\">EmCare.B3.DE04</a></td><td>Routine visit (Well child/infant)</td><td>The client's visit is for a well child consultation</td></tr></table></li></ul></div>"},"url":"https://fhir.dk.swisstph-mis.ch/matchbox/fhir/ValueSet/reason-consultation","version":"0.1.0","name":"valueset-reason-consultation","title":"Reason for Consultation","status":"draft","experimental":false,"date":"2023-04-03T14:56:37+00:00","publisher":"World Health Organization (WHO)","contact":[{"telecom":[{"system":"url","value":"https://www.who.int"}]}],"description":"Codes representing possible values for the Provide an estimated age or estimated date of birth element","jurisdiction":[{"coding":[{"system":"http://unstats.un.org/unsd/methods/m49/m49.htm","code":"001"}]}],"immutable":true,"compose":{"include":[{"system":"https://fhir.dk.swisstph-mis.ch/matchbox/fhir/CodeSystem/emcare-custom-codes","concept":[{"code":"EmCare.B3.DE03","display":"Sick Child","designation":[{"value":"The client's visit is for a sick child consultation"}]},{"code":"EmCare.B3.DE04","display":"Routine visit (Well child/infant)","designation":[{"value":"The client's visit is for a well child consultation"}]}]}]}}