{"resourceType":"ValueSet","id":"child-vaccination-status","text":{"status":"extensions","div":"<div xmlns=\"http://www.w3.org/1999/xhtml\"><ul><li>Include these codes as defined in <a href=\"CodeSystem-emcare-custom-codes.html\"><code>https://fhir.dk.swisstph-mis.ch/matchbox/fhir/CodeSystem/emcare-custom-codes</code></a><table class=\"none\"><tr><td style=\"white-space:nowrap\"><b>Code</b></td><td><b>Display</b></td><td><b>Definition</b></td></tr><tr><td><a href=\"CodeSystem-emcare-custom-codes.html#emcare-custom-codes-EmCare.46B17.46DE46\">EmCare.B17.DE46</a></td><td>Yes</td><td>The client has received all vaccinations for age</td></tr><tr><td><a href=\"CodeSystem-emcare-custom-codes.html#emcare-custom-codes-EmCare.46B17.46DE47\">EmCare.B17.DE47</a></td><td>No, incomplete vaccination</td><td>The client has not received all vaccinations for age</td></tr><tr><td><a href=\"CodeSystem-emcare-custom-codes.html#emcare-custom-codes-EmCare.46B17.46DE48\">EmCare.B17.DE48</a></td><td>No, the child has never received any vaccinations to date</td><td>The client has never received any vaccinations to date</td></tr><tr><td><a href=\"CodeSystem-emcare-custom-codes.html#emcare-custom-codes-EmCare.46B17.46DE49\">EmCare.B17.DE49</a></td><td>Unknown</td><td>It is not known if the client has received any vaccination</td></tr></table></li></ul></div>"},"url":"https://fhir.dk.swisstph-mis.ch/matchbox/fhir/ValueSet/child-vaccination-status","version":"0.1.0","name":"valueset-child-vaccination-status","title":"EmCare.B17.DE45","status":"draft","experimental":false,"date":"2023-04-11T17:43:16+00:00","publisher":"World Health Organization (WHO)","contact":[{"telecom":[{"system":"url","value":"https://www.who.int"}]}],"description":"Check the child's vaccination record: has the child received all vaccines they are eligible for","jurisdiction":[{"coding":[{"system":"http://unstats.un.org/unsd/methods/m49/m49.htm","code":"001"}]}],"immutable":true,"compose":{"include":[{"system":"https://fhir.dk.swisstph-mis.ch/matchbox/fhir/CodeSystem/emcare-custom-codes","concept":[{"code":"EmCare.B17.DE46","display":"Yes","designation":[{"value":"The client has received all vaccinations for age"}]},{"code":"EmCare.B17.DE47","display":"No, incomplete vaccination","designation":[{"value":"The client has not received all vaccinations for age"}]},{"code":"EmCare.B17.DE48","display":"No, the child has never received any vaccinations to date","designation":[{"value":"The client has never received any vaccinations to date"}]},{"code":"EmCare.B17.DE49","display":"Unknown","designation":[{"value":"It is not known if the client has received any vaccination"}]}]}]}}