{"resourceType":"ValueSet","id":"throatproblem","text":{"status":"extensions","div":"<div xmlns=\"http://www.w3.org/1999/xhtml\"><ul><li>Include these codes as defined in <a href=\"CodeSystem-emcare-custom-codes.html\"><code>https://fhir.dk.swisstph-mis.ch/matchbox/fhir/CodeSystem/emcare-custom-codes</code></a><table class=\"none\"><tr><td style=\"white-space:nowrap\"><b>Code</b></td><td><b>Display</b></td><td><b>Definition</b></td></tr><tr><td><a href=\"CodeSystem-emcare-custom-codes.html#emcare-custom-codes-EmCare.46B17S1.46DE03\">EmCare.B17S1.DE03</a></td><td>Red (congested) throat</td><td>The client has a Red (congested) throat</td></tr><tr><td><a href=\"CodeSystem-emcare-custom-codes.html#emcare-custom-codes-EmCare.46B17S1.46DE04\">EmCare.B17S1.DE04</a></td><td>Exudate on Throat</td><td>The client has Exudate on Throat</td></tr><tr><td><a href=\"CodeSystem-emcare-custom-codes.html#emcare-custom-codes-EmCare.46B17S1.46DE05\">EmCare.B17S1.DE05</a></td><td>Membrane on throat</td><td>The client has Membrane on throat</td></tr><tr><td><a href=\"CodeSystem-emcare-custom-codes.html#emcare-custom-codes-none\">none</a></td><td>None of the listed throat problems observed</td><td>The client has None of the listed throat problems observed</td></tr></table></li></ul></div>"},"url":"https://fhir.dk.swisstph-mis.ch/matchbox/fhir/ValueSet/throatproblem","version":"0.1.0","name":"valueset-throatproblem","status":"draft","experimental":false,"date":"2023-04-03T14:56:37+00:00","publisher":"World Health Organization (WHO)","contact":[{"telecom":[{"system":"url","value":"https://www.who.int"}]}],"description":"Codes representing possible values for the Provide an estimated age or estimated date of birth element","jurisdiction":[{"coding":[{"system":"http://unstats.un.org/unsd/methods/m49/m49.htm","code":"001"}]}],"immutable":true,"compose":{"include":[{"system":"https://fhir.dk.swisstph-mis.ch/matchbox/fhir/CodeSystem/emcare-custom-codes","concept":[{"code":"EmCare.B17S1.DE03","display":"Red (congested) throat","designation":[{"value":"The client has a Red (congested) throat"}]},{"code":"EmCare.B17S1.DE04","display":"Exudate on Throat","designation":[{"value":"The client has Exudate on Throat"}]},{"code":"EmCare.B17S1.DE05","display":"Membrane on throat","designation":[{"value":"The client has Membrane on throat"}]},{"code":"none","display":"None of the listed throat problems observed","designation":[{"value":"The client has None of the listed throat problems observed"}]}]}]}}