{"resourceType":"ValueSet","id":"oxygen-saturation","text":{"status":"extensions","div":"<div xmlns=\"http://www.w3.org/1999/xhtml\"><ul><li>Include these codes as defined in <a href=\"CodeSystem-emcare-custom-codes.html\"><code>https://fhir.dk.swisstph-mis.ch/matchbox/fhir/CodeSystem/emcare-custom-codes</code></a><table class=\"none\"><tr><td style=\"white-space:nowrap\"><b>Code</b></td><td><b>Display</b></td><td><b>Definition</b></td></tr><tr><td><a href=\"CodeSystem-emcare-custom-codes.html#emcare-custom-codes-EmCare.46B10S2.46DE09\">EmCare.B10S2.DE09</a></td><td>Oxygen saturation not measured</td><td>The clients oxygen saturation was not measured</td></tr></table></li></ul></div>"},"url":"https://fhir.dk.swisstph-mis.ch/matchbox/fhir/ValueSet/oxygen-saturation","version":"0.1.0","name":"valueset-oxygen-saturation","title":"EmCare.B10S2.DE08","status":"draft","experimental":false,"date":"2023-04-11T18:06:17+00:00","publisher":"World Health Organization (WHO)","contact":[{"telecom":[{"system":"url","value":"https://www.who.int"}]}],"description":"The client's oxygen saturation is more than or equal to 90 %","jurisdiction":[{"coding":[{"system":"http://unstats.un.org/unsd/methods/m49/m49.htm","code":"001"}]}],"immutable":true,"compose":{"include":[{"system":"https://fhir.dk.swisstph-mis.ch/matchbox/fhir/CodeSystem/emcare-custom-codes","concept":[{"code":"EmCare.B10S2.DE09","display":"Oxygen saturation not measured","designation":[{"value":"The clients oxygen saturation was not measured"}]}]}]}}