{
  "resourceType" : "ActivityDefinition",
  "id" : "emcare.b22.breastfeeding",
  "text" : {
    "status" : "extensions",
    "div" : "<div xmlns=\"http://www.w3.org/1999/xhtml\"><p><b>Generated Narrative: ActivityDefinition</b><a name=\"emcare.b22.breastfeeding\"> </a></p><div style=\"display: inline-block; background-color: #d9e0e7; padding: 6px; margin: 4px; border: 1px solid #8da1b4; border-radius: 5px; line-height: 60%\"><p style=\"margin-bottom: 0px\">Resource ActivityDefinition &quot;emcare.b22.breastfeeding&quot; </p></div><p><b>knowledgeCapability</b>: shareable</p><p><b>knowledgeCapability</b>: computable</p><p><b>knowledgeCapability</b>: publishable</p><p><b>knowledgeRepresentationLevel</b>: structured</p><p><b>collectWith</b>: <a href=\"Questionnaire-emcare.b22.breastfeeding.html\">EmCare.B22.BreastFeeding</a></p><p><b>url</b>: <code>https://fhir.dk.swisstph-mis.ch/matchbox/fhir/ActivityDefinition/emcare.b22.breastfeeding</code></p><p><b>version</b>: 0.1.0</p><p><b>status</b>: active</p><p><b>experimental</b>: false</p><p><b>date</b>: 2023-04-11 17:43:01+0000</p><p><b>publisher</b>: World Health Organization (WHO)</p><p><b>contact</b>: <a href=\"https://www.who.int\">https://www.who.int</a></p><h3>UseContexts</h3><table class=\"grid\"><tr><td>-</td><td><b>Code</b></td><td><b>Value[x]</b></td></tr><tr><td>*</td><td>Workflow Task (Details: http://terminology.hl7.org/CodeSystem/usage-context-type code task = 'Workflow Task', stated as 'null')</td><td>Collect infornation with questionnaire EmCare.B22.BreastFeeding <span style=\"background: LightGoldenRodYellow; margin: 4px; border: 1px solid khaki\"> (<a href=\"http://terminology.hl7.org/5.0.0/CodeSystem-v3-ActCode.html\">ActCode</a>#PATDOC)</span></td></tr></table><p><b>jurisdiction</b>: Global (Whole world) <span style=\"background: LightGoldenRodYellow; margin: 4px; border: 1px solid khaki\"> (m49.htm#001)</span></p><p><b>kind</b>: Task</p><p><b>profile</b>: <a href=\"http://hl7.org/fhir/uv/cpg/STU1/StructureDefinition-cpg-questionnairetask.html\">CPGQuestionnaireTask</a></p><p><b>code</b>: Collect information <span style=\"background: LightGoldenRodYellow; margin: 4px; border: 1px solid khaki\"> (<a href=\"http://hl7.org/fhir/uv/cpg/STU1/CodeSystem-cpg-activity-type.html\">CPG Activity Type</a>#collect-information)</span></p><blockquote><p><b>dynamicValue</b></p><p><b>path</b>: input.type</p><h3>Expressions</h3><table class=\"grid\"><tr><td>-</td><td><b>Language</b></td><td><b>Expression</b></td></tr><tr><td>*</td><td>text/cql-expression</td><td>code</td></tr></table></blockquote><blockquote><p><b>dynamicValue</b></p><p><b>path</b>: input.value</p><h3>Expressions</h3><table class=\"grid\"><tr><td>-</td><td><b>Language</b></td><td><b>Expression</b></td></tr><tr><td>*</td><td>text/cql-expression</td><td>extension('http://hl7.org/fhir/uv/cpg/StructureDefinition/cpg-collectWith').value</td></tr></table></blockquote></div>"
  },
  "extension" : [{
    "url" : "http://hl7.org/fhir/uv/cpg/StructureDefinition/cpg-knowledgeCapability",
    "valueCode" : "shareable"
  },
  {
    "url" : "http://hl7.org/fhir/uv/cpg/StructureDefinition/cpg-knowledgeCapability",
    "valueCode" : "computable"
  },
  {
    "url" : "http://hl7.org/fhir/uv/cpg/StructureDefinition/cpg-knowledgeCapability",
    "valueCode" : "publishable"
  },
  {
    "url" : "http://hl7.org/fhir/uv/cpg/StructureDefinition/cpg-knowledgeRepresentationLevel",
    "valueCode" : "structured"
  },
  {
    "url" : "http://hl7.org/fhir/uv/cpg/StructureDefinition/cpg-collectWith",
    "valueCanonical" : "https://fhir.dk.swisstph-mis.ch/matchbox/fhir/Questionnaire/emcare.b22.breastfeeding"
  }],
  "url" : "https://fhir.dk.swisstph-mis.ch/matchbox/fhir/ActivityDefinition/emcare.b22.breastfeeding",
  "version" : "0.1.0",
  "status" : "active",
  "experimental" : false,
  "date" : "2023-04-11T17:43:01+00:00",
  "publisher" : "World Health Organization (WHO)",
  "contact" : [{
    "telecom" : [{
      "system" : "url",
      "value" : "https://www.who.int"
    }]
  }],
  "useContext" : [{
    "code" : {
      "system" : "http://terminology.hl7.org/CodeSystem/usage-context-type",
      "code" : "task"
    },
    "valueCodeableConcept" : {
      "coding" : [{
        "system" : "http://terminology.hl7.org/CodeSystem/v3-ActCode",
        "code" : "PATDOC",
        "display" : "Collect infornation with questionnaire EmCare.B22.BreastFeeding"
      }]
    }
  }],
  "jurisdiction" : [{
    "coding" : [{
      "system" : "http://unstats.un.org/unsd/methods/m49/m49.htm",
      "code" : "001"
    }]
  }],
  "kind" : "Task",
  "profile" : "http://hl7.org/fhir/uv/cpg/StructureDefinition/cpg-questionnairetask",
  "code" : {
    "coding" : [{
      "system" : "http://hl7.org/fhir/uv/cpg/CodeSystem/cpg-activity-type",
      "code" : "collect-information",
      "display" : "Collect information"
    }]
  },
  "dynamicValue" : [{
    "path" : "input.type",
    "expression" : {
      "language" : "text/cql-expression",
      "expression" : "code"
    }
  },
  {
    "path" : "input.value",
    "expression" : {
      "language" : "text/cql-expression",
      "expression" : "extension('http://hl7.org/fhir/uv/cpg/StructureDefinition/cpg-collectWith').value"
    }
  }]
}