{
  "resourceType" : "Library",
  "id" : "emcareb22respiratoryrate",
  "text" : {
    "status" : "generated",
    "div" : "<div xmlns=\"http://www.w3.org/1999/xhtml\"><h2>Parameters</h2><table class=\"grid\"><tr><td>ageinmonths</td><td>out</td><td/><td/><td>integer</td></tr><tr><td>age</td><td>out</td><td/><td/><td>integer</td></tr><tr><td>respiratory rate profile</td><td>out</td><td/><td/><td>Quantity</td></tr><tr><td>force-collection</td><td>out</td><td/><td/><td>boolean</td></tr><tr><td>respiratory rate second count profile</td><td>out</td><td/><td/><td>Quantity</td></tr><tr><td>fast breathing profile</td><td>out</td><td/><td/><td>boolean</td></tr></table><h2>Contents</h2></div>"
  },
  "url" : "https://fhir.dk.swisstph-mis.ch/matchbox/fhir/Library/emcareb22respiratoryrate",
  "identifier" : [{
    "use" : "official",
    "value" : "emcare.b22.respiratoryrate"
  }],
  "version" : "0.1.0",
  "name" : "emcareb22respiratoryrate",
  "title" : "EmCare.B22.RespiratoryRate",
  "status" : "active",
  "type" : {
    "coding" : [{
      "system" : "http://hl7.org/fhir/ValueSet/library-type",
      "code" : "logic-library"
    }]
  },
  "date" : "2023-04-11T18:06:17+00:00",
  "publisher" : "World Health Organization (WHO)",
  "contact" : [{
    "telecom" : [{
      "system" : "url",
      "value" : "https://www.who.int"
    }]
  }],
  "jurisdiction" : [{
    "coding" : [{
      "system" : "http://unstats.un.org/unsd/methods/m49/m49.htm",
      "code" : "001"
    }]
  }],
  "parameter" : [{
    "name" : "ageinmonths",
    "use" : "out",
    "type" : "integer"
  },
  {
    "name" : "age",
    "use" : "out",
    "type" : "integer"
  },
  {
    "name" : "respiratory rate profile",
    "use" : "out",
    "type" : "Quantity"
  },
  {
    "name" : "force-collection",
    "use" : "out",
    "type" : "boolean"
  },
  {
    "name" : "respiratory rate second count profile",
    "use" : "out",
    "type" : "Quantity"
  },
  {
    "name" : "fast breathing profile",
    "use" : "out",
    "type" : "boolean"
  }]
}