{
  "resourceType" : "Library",
  "id" : "emcareb22fluidtest",
  "text" : {
    "status" : "generated",
    "div" : "<div xmlns=\"http://www.w3.org/1999/xhtml\"><h2>Parameters</h2><table class=\"grid\"><tr><td>oftrp</td><td>out</td><td/><td/><td>boolean</td></tr><tr><td>ds</td><td>out</td><td/><td/><td>boolean</td></tr><tr><td>emcare.b7.de09</td><td>out</td><td/><td/><td>boolean</td></tr><tr><td>emcare.b7.de10</td><td>out</td><td/><td/><td>boolean</td></tr></table><h2>Contents</h2></div>"
  },
  "url" : "https://fhir.dk.swisstph-mis.ch/matchbox/fhir/Library/emcareb22fluidtest",
  "identifier" : [{
    "use" : "official",
    "value" : "emcare.b22.fluidtest"
  }],
  "version" : "0.1.0",
  "name" : "emcareb22fluidtest",
  "title" : "EmCare.B22.FluidTest",
  "status" : "active",
  "type" : {
    "coding" : [{
      "system" : "http://hl7.org/fhir/ValueSet/library-type",
      "code" : "logic-library"
    }]
  },
  "date" : "2023-04-11T18:06:17+00:00",
  "publisher" : "World Health Organization (WHO)",
  "contact" : [{
    "telecom" : [{
      "system" : "url",
      "value" : "https://www.who.int"
    }]
  }],
  "jurisdiction" : [{
    "coding" : [{
      "system" : "http://unstats.un.org/unsd/methods/m49/m49.htm",
      "code" : "001"
    }]
  }],
  "parameter" : [{
    "name" : "oftrp",
    "use" : "out",
    "type" : "boolean"
  },
  {
    "name" : "ds",
    "use" : "out",
    "type" : "boolean"
  },
  {
    "name" : "emcare.b7.de09",
    "use" : "out",
    "type" : "boolean"
  },
  {
    "name" : "emcare.b7.de10",
    "use" : "out",
    "type" : "boolean"
  }]
}