{
  "resourceType" : "StructureMap",
  "id" : "emcare.b22.fluidtest",
  "text" : {
    "status" : "generated",
    "div" : "<div xmlns=\"http://www.w3.org/1999/xhtml\"><pre>map &quot;https://fhir.dk.swisstph-mis.ch/matchbox/fhir/StructureMap/emcare.b22.fluidtest&quot; = &quot;emcare.b22.fluidtest&quot;\r\n\r\n\r\nuses &quot;http://hl7.org/fhir/uv/sdc/StructureDefinition/sdc-questionnaireresponse&quot; alias 'questionnaireResponse' as source\r\nuses &quot;http://hl7.org/fhir/StructureDefinition/Bundle&quot; alias 'Bundle' as target\r\nuses &quot;https://fhir.dk.swisstph-mis.ch/matchbox/fhir/StructureDefinition/observation&quot; alias 'Observation' as target\r\nuses &quot;https://fhir.dk.swisstph-mis.ch/matchbox/fhir/StructureDefinition/emcareobservation&quot; alias 'EmCare Observation' as produced\r\n\r\ngroup bundletrans(source src : questionnaireResponse, target bundle : Bundle) {\r\n  src -&gt; bundle.id = uuid() &quot;id&quot;;\r\n  src -&gt; bundle.type = 'batch' &quot;type&quot;;\r\n  src.item first as item where (linkId = 'EmCare.B22.DE08') and answer.exists() then {\r\n    src -&gt; bundle.entry as entry then {\r\n      src -&gt;  entry.request as request,  request.method = 'POST',  uuid() as uuid,  request.url = append('/Observation/', uuid) &quot;b50ac4c5&quot;;\r\n      src -&gt; entry.resource = create('Observation') as tgt then {\r\n        src -&gt; tgt then emcareobservationemcareb22de08(src, tgt) &quot;d34db40c&quot;;\r\n      } &quot;bd8403a6&quot;;\r\n    } &quot;09eb3e1a&quot;;\r\n  } &quot;9a6f78aa&quot;;\r\n  src.item first as item where (linkId = 'EmCare.B22.DE14') and answer.exists() then {\r\n    src -&gt; bundle.entry as entry then {\r\n      src -&gt;  entry.request as request,  request.method = 'POST',  uuid() as uuid,  request.url = append('/Observation/', uuid) &quot;b50ac4c5&quot;;\r\n      src -&gt; entry.resource = create('Observation') as tgt then {\r\n        src -&gt; tgt then emcareobservationemcareb22de14(src, tgt) &quot;128f555c&quot;;\r\n      } &quot;2cba61ee&quot;;\r\n    } &quot;1eb502ac&quot;;\r\n  } &quot;4a69f58d&quot;;\r\n  src.item first as item where (linkId = 'EmCare.B22.DE14a') and answer.exists() then {\r\n    src -&gt; bundle.entry as entry then {\r\n      src -&gt;  entry.request as request,  request.method = 'POST',  uuid() as uuid,  request.url = append('/Observation/', uuid) &quot;b50ac4c5&quot;;\r\n      src -&gt; entry.resource = create('Observation') as tgt then {\r\n        src -&gt; tgt then emcareobservationemcareb22de14a(src, tgt) &quot;7b46291c&quot;;\r\n      } &quot;17f1508c&quot;;\r\n    } &quot;64f82f5e&quot;;\r\n  } &quot;17d5b370&quot;;\r\n  src.item first as item where (linkId = 'EmCare.B22.DE15') and answer.exists() then {\r\n    src -&gt; bundle.entry as entry then {\r\n      src -&gt;  entry.request as request,  request.method = 'POST',  uuid() as uuid,  request.url = append('/Observation/', uuid) &quot;b50ac4c5&quot;;\r\n      src -&gt; entry.resource = create('Observation') as tgt then {\r\n        src -&gt; tgt then emcareobservationemcareb22de15(src, tgt) &quot;0d25d61c&quot;;\r\n      } &quot;49095bbf&quot;;\r\n    } &quot;7ffa5829&quot;;\r\n  } &quot;33c9d538&quot;;\r\n  src.item first as item where (linkId = 'EmCare.B22.DE16') and answer.exists() then {\r\n    src -&gt; bundle.entry as entry then {\r\n      src -&gt;  entry.request as request,  request.method = 'POST',  uuid() as uuid,  request.url = append('/Observation/', uuid) &quot;b50ac4c5&quot;;\r\n      src -&gt; entry.resource = create('Observation') as tgt then {\r\n        src -&gt; tgt then emcareobservationemcareb22de16(src, tgt) &quot;2bef72fa&quot;;\r\n      } &quot;f426fdde&quot;;\r\n    } &quot;f53bf22c&quot;;\r\n  } &quot;1a49e616&quot;;\r\n}\r\n\r\ngroup emcareobservationemcareb22de08(source src, target tgt) {\r\n  src -&gt;  tgt.identifier = create('Identifier') as CodeID,  CodeID.system = 'http://hl7.org/fhir/namingsystem-identifier-type',  CodeID.use = 'official',  CodeID.value = 'uuid',  CodeID.id = uuid() &quot;id-emcareb22de08&quot;;\r\n  src.encounter as encounter -&gt; tgt.encounter = encounter &quot;35bc6b82&quot;;\r\n  src.subject as subject -&gt;  tgt.subject = subject,  tgt.meta = create('Meta') as newMeta,  newMeta.profile = 'https://fhir.dk.swisstph-mis.ch/matchbox/fhir/StructureDefinition/emcareobservation',  tgt.code = create('CodeableConcept') as concept,  concept.coding = create('Coding') as coding,  coding.system = 'https://fhir.dk.swisstph-mis.ch/matchbox/fhir/CodeSystem/emcare-custom-codes',  coding.code = 'EmCare.B22.DE08' &quot;code-emcareb22de08&quot;;\r\n  src.item as itemtimestamp where linkId = 'timestamp' then {\r\n    itemtimestamp.answer first as atimestamp then {\r\n      atimestamp.value as val -&gt; tgt.issued = val &quot;5af77f2c&quot;;\r\n    } &quot;7f22f29f&quot;;\r\n  } &quot;aae7a11d&quot;;\r\n  src.subject as subject -&gt; tgt.subject = subject &quot;patient&quot;;\r\n  src.item first as item where (linkId = 'EmCare.B22.DE08') and answer.exists() then {\r\n    item.answer first as a then {\r\n      a.value as val then {\r\n        val where val.code = 'none' -&gt; tgt.swrapin_entry_createtatus = 'cancelled' &quot;d0a13fda&quot;;\r\n        val where val.code != 'none' -&gt;  tgt.value = create('CodeableConcept') as cc,  cc.coding = val,  tgt.status = 'final' &quot;a1050460&quot;;\r\n      } &quot;310f4b1f&quot;;\r\n    } &quot;6af9bfcc&quot;;\r\n  } &quot;64bb2211&quot;;\r\n}\r\n\r\ngroup emcareobservationemcareb22de14(source src, target tgt) {\r\n  src -&gt;  tgt.identifier = create('Identifier') as CodeID,  CodeID.system = 'http://hl7.org/fhir/namingsystem-identifier-type',  CodeID.use = 'official',  CodeID.value = 'uuid',  CodeID.id = uuid() &quot;id-emcareb22de14&quot;;\r\n  src.encounter as encounter -&gt; tgt.encounter = encounter &quot;35bc6b82&quot;;\r\n  src.subject as subject -&gt;  tgt.subject = subject,  tgt.meta = create('Meta') as newMeta,  newMeta.profile = 'https://fhir.dk.swisstph-mis.ch/matchbox/fhir/StructureDefinition/emcareobservation',  tgt.code = create('CodeableConcept') as concept,  concept.coding = create('Coding') as coding,  coding.system = 'https://fhir.dk.swisstph-mis.ch/matchbox/fhir/CodeSystem/emcare-custom-codes',  coding.code = 'EmCare.B22.DE14' &quot;code-emcareb22de14&quot;;\r\n  src.item as itemtimestamp where linkId = 'timestamp' then {\r\n    itemtimestamp.answer first as atimestamp then {\r\n      atimestamp.value as val -&gt; tgt.issued = val &quot;5af77f2c&quot;;\r\n    } &quot;7f22f29f&quot;;\r\n  } &quot;aae7a11d&quot;;\r\n  src.subject as subject -&gt; tgt.subject = subject &quot;patient&quot;;\r\n  src.item first as item where (linkId = 'EmCare.B22.DE14') and answer.exists() then {\r\n    item.answer first as a then {\r\n      a.value as val then {\r\n        val where val.code = 'true' -&gt;  tgt.status = 'final',  tgt.value = true &quot;8a65aaa5&quot;;\r\n      } &quot;26c2c8c7&quot;;\r\n    } &quot;721205d5&quot;;\r\n  } &quot;0ac7445d&quot;;\r\n}\r\n\r\ngroup emcareobservationemcareb22de14a(source src, target tgt) {\r\n  src -&gt;  tgt.identifier = create('Identifier') as CodeID,  CodeID.system = 'http://hl7.org/fhir/namingsystem-identifier-type',  CodeID.use = 'official',  CodeID.value = 'uuid',  CodeID.id = uuid() &quot;id-emcareb22de14a&quot;;\r\n  src.encounter as encounter -&gt; tgt.encounter = encounter &quot;35bc6b82&quot;;\r\n  src.subject as subject -&gt;  tgt.subject = subject,  tgt.meta = create('Meta') as newMeta,  newMeta.profile = 'https://fhir.dk.swisstph-mis.ch/matchbox/fhir/StructureDefinition/emcareobservation',  tgt.code = create('CodeableConcept') as concept,  concept.coding = create('Coding') as coding,  coding.system = 'https://fhir.dk.swisstph-mis.ch/matchbox/fhir/CodeSystem/emcare-custom-codes',  coding.code = 'EmCare.B22.DE14a' &quot;code-emcareb22de14a&quot;;\r\n  src.item as itemtimestamp where linkId = 'timestamp' then {\r\n    itemtimestamp.answer first as atimestamp then {\r\n      atimestamp.value as val -&gt; tgt.issued = val &quot;5af77f2c&quot;;\r\n    } &quot;7f22f29f&quot;;\r\n  } &quot;aae7a11d&quot;;\r\n  src.subject as subject -&gt; tgt.subject = subject &quot;patient&quot;;\r\n  src.item first as item where (linkId = 'EmCare.B22.DE14a') and answer.exists() then {\r\n    item.answer first as a then {\r\n      a where a.value = true -&gt;  tgt.status = 'final',  tgt.value = true &quot;final-emcareb22de14a&quot;;\r\n      a where a.value = false -&gt;  tgt.status = 'cancelled',  tgt.value = false &quot;notfound-emcareb22de14a&quot;;\r\n    } &quot;bdab9370&quot;;\r\n  } &quot;b79a05a4&quot;;\r\n}\r\n\r\ngroup emcareobservationemcareb22de15(source src, target tgt) {\r\n  src -&gt;  tgt.identifier = create('Identifier') as CodeID,  CodeID.system = 'http://hl7.org/fhir/namingsystem-identifier-type',  CodeID.use = 'official',  CodeID.value = 'uuid',  CodeID.id = uuid() &quot;id-emcareb22de15&quot;;\r\n  src.encounter as encounter -&gt; tgt.encounter = encounter &quot;35bc6b82&quot;;\r\n  src.subject as subject -&gt;  tgt.subject = subject,  tgt.meta = create('Meta') as newMeta,  newMeta.profile = 'https://fhir.dk.swisstph-mis.ch/matchbox/fhir/StructureDefinition/emcareobservation',  tgt.code = create('CodeableConcept') as concept,  concept.coding = create('Coding') as coding,  coding.system = 'https://fhir.dk.swisstph-mis.ch/matchbox/fhir/CodeSystem/emcare-custom-codes',  coding.code = 'EmCare.B22.DE15' &quot;code-emcareb22de15&quot;;\r\n  src.item as itemtimestamp where linkId = 'timestamp' then {\r\n    itemtimestamp.answer first as atimestamp then {\r\n      atimestamp.value as val -&gt; tgt.issued = val &quot;5af77f2c&quot;;\r\n    } &quot;7f22f29f&quot;;\r\n  } &quot;aae7a11d&quot;;\r\n  src.subject as subject -&gt; tgt.subject = subject &quot;patient&quot;;\r\n  src.item first as item where (linkId = 'EmCare.B22.DE15') and answer.exists() then {\r\n    item.answer first as a then {\r\n      a where a.value = true -&gt;  tgt.status = 'final',  tgt.value = true &quot;final-emcareb22de15&quot;;\r\n      a where a.value = false -&gt;  tgt.status = 'cancelled',  tgt.value = false &quot;notfound-emcareb22de15&quot;;\r\n    } &quot;bdab9370&quot;;\r\n  } &quot;6c50dbd5&quot;;\r\n}\r\n\r\ngroup emcareobservationemcareb22de16(source src, target tgt) {\r\n  src -&gt;  tgt.identifier = create('Identifier') as CodeID,  CodeID.system = 'http://hl7.org/fhir/namingsystem-identifier-type',  CodeID.use = 'official',  CodeID.value = 'uuid',  CodeID.id = uuid() &quot;id-emcareb22de16&quot;;\r\n  src.encounter as encounter -&gt; tgt.encounter = encounter &quot;35bc6b82&quot;;\r\n  src.subject as subject -&gt;  tgt.subject = subject,  tgt.meta = create('Meta') as newMeta,  newMeta.profile = 'https://fhir.dk.swisstph-mis.ch/matchbox/fhir/StructureDefinition/emcareobservation',  tgt.code = create('CodeableConcept') as concept,  concept.coding = create('Coding') as coding,  coding.system = 'https://fhir.dk.swisstph-mis.ch/matchbox/fhir/CodeSystem/emcare-custom-codes',  coding.code = 'EmCare.B22.DE16' &quot;code-emcareb22de16&quot;;\r\n  src.item as itemtimestamp where linkId = 'timestamp' then {\r\n    itemtimestamp.answer first as atimestamp then {\r\n      atimestamp.value as val -&gt; tgt.issued = val &quot;5af77f2c&quot;;\r\n    } &quot;7f22f29f&quot;;\r\n  } &quot;aae7a11d&quot;;\r\n  src.subject as subject -&gt; tgt.subject = subject &quot;patient&quot;;\r\n  src.item first as item where (linkId = 'EmCare.B22.DE16') and answer.exists() then {\r\n    item.answer first as a then {\r\n      a.value as val then {\r\n        val where val.code = 'none' -&gt; tgt.swrapin_entry_createtatus = 'cancelled' &quot;d0a13fda&quot;;\r\n        val where val.code != 'none' -&gt;  tgt.value = create('CodeableConcept') as cc,  cc.coding = val,  tgt.status = 'final' &quot;a1050460&quot;;\r\n      } &quot;310f4b1f&quot;;\r\n    } &quot;6af9bfcc&quot;;\r\n  } &quot;6d23b905&quot;;\r\n}\r\n\r\n</pre></div>"
  },
  "url" : "https://fhir.dk.swisstph-mis.ch/matchbox/fhir/StructureMap/emcare.b22.fluidtest",
  "version" : "0.1.0",
  "name" : "emcare.b22.fluidtest",
  "status" : "active",
  "date" : "2023-04-12T04:59:54+00:00",
  "publisher" : "World Health Organization (WHO)",
  "contact" : [{
    "telecom" : [{
      "system" : "url",
      "value" : "https://www.who.int"
    }]
  }],
  "jurisdiction" : [{
    "coding" : [{
      "system" : "http://unstats.un.org/unsd/methods/m49/m49.htm",
      "code" : "001"
    }]
  }],
  "structure" : [{
    "url" : "http://hl7.org/fhir/uv/sdc/StructureDefinition/sdc-questionnaireresponse",
    "mode" : "source",
    "alias" : "'questionnaireResponse'"
  },
  {
    "url" : "http://hl7.org/fhir/StructureDefinition/Bundle",
    "mode" : "target",
    "alias" : "'Bundle'"
  },
  {
    "url" : "https://fhir.dk.swisstph-mis.ch/matchbox/fhir/StructureDefinition/observation",
    "mode" : "target",
    "alias" : "'Observation'"
  },
  {
    "url" : "https://fhir.dk.swisstph-mis.ch/matchbox/fhir/StructureDefinition/emcareobservation",
    "mode" : "produced",
    "alias" : "'EmCare Observation'"
  }],
  "group" : [{
    "name" : "bundletrans",
    "typeMode" : "none",
    "input" : [{
      "name" : "src",
      "type" : "questionnaireResponse",
      "mode" : "source"
    },
    {
      "name" : "bundle",
      "type" : "Bundle",
      "mode" : "target"
    }],
    "rule" : [{
      "name" : "id",
      "source" : [{
        "context" : "src"
      }],
      "target" : [{
        "context" : "bundle",
        "contextType" : "variable",
        "element" : "id",
        "transform" : "uuid"
      }]
    },
    {
      "name" : "type",
      "source" : [{
        "context" : "src"
      }],
      "target" : [{
        "context" : "bundle",
        "contextType" : "variable",
        "element" : "type",
        "transform" : "copy",
        "parameter" : [{
          "valueString" : "batch"
        }]
      }]
    },
    {
      "name" : "9a6f78aa",
      "source" : [{
        "context" : "src",
        "element" : "item",
        "listMode" : "first",
        "variable" : "item",
        "condition" : "(linkId = 'EmCare.B22.DE08') and answer.exists()"
      }],
      "rule" : [{
        "name" : "09eb3e1a",
        "source" : [{
          "context" : "src"
        }],
        "target" : [{
          "context" : "bundle",
          "contextType" : "variable",
          "element" : "entry",
          "variable" : "entry"
        }],
        "rule" : [{
          "name" : "b50ac4c5",
          "source" : [{
            "context" : "src"
          }],
          "target" : [{
            "context" : "entry",
            "contextType" : "variable",
            "element" : "request",
            "variable" : "request"
          },
          {
            "context" : "request",
            "contextType" : "variable",
            "element" : "method",
            "transform" : "copy",
            "parameter" : [{
              "valueString" : "POST"
            }]
          },
          {
            "contextType" : "variable",
            "variable" : "uuid",
            "transform" : "uuid"
          },
          {
            "context" : "request",
            "contextType" : "variable",
            "element" : "url",
            "transform" : "append",
            "parameter" : [{
              "valueString" : "/Observation/"
            },
            {
              "valueId" : "uuid"
            }]
          }]
        },
        {
          "name" : "bd8403a6",
          "source" : [{
            "context" : "src"
          }],
          "target" : [{
            "context" : "entry",
            "contextType" : "variable",
            "element" : "resource",
            "variable" : "tgt",
            "transform" : "create",
            "parameter" : [{
              "valueString" : "Observation"
            }]
          }],
          "rule" : [{
            "name" : "d34db40c",
            "source" : [{
              "context" : "src"
            }],
            "target" : [{
              "contextType" : "variable",
              "transform" : "copy",
              "parameter" : [{
                "valueId" : "tgt"
              }]
            }],
            "dependent" : [{
              "name" : "emcareobservationemcareb22de08",
              "variable" : ["src",
              "tgt"],
              "_variable" : [{
                "extension" : [{
                  "url" : "http://hl7.org/fhir/tools/StructureDefinition/original-item-type",
                  "valueUrl" : "id"
                }]
              },
              {
                "extension" : [{
                  "url" : "http://hl7.org/fhir/tools/StructureDefinition/original-item-type",
                  "valueUrl" : "id"
                }]
              }]
            }]
          }]
        }]
      }]
    },
    {
      "name" : "4a69f58d",
      "source" : [{
        "context" : "src",
        "element" : "item",
        "listMode" : "first",
        "variable" : "item",
        "condition" : "(linkId = 'EmCare.B22.DE14') and answer.exists()"
      }],
      "rule" : [{
        "name" : "1eb502ac",
        "source" : [{
          "context" : "src"
        }],
        "target" : [{
          "context" : "bundle",
          "contextType" : "variable",
          "element" : "entry",
          "variable" : "entry"
        }],
        "rule" : [{
          "name" : "b50ac4c5",
          "source" : [{
            "context" : "src"
          }],
          "target" : [{
            "context" : "entry",
            "contextType" : "variable",
            "element" : "request",
            "variable" : "request"
          },
          {
            "context" : "request",
            "contextType" : "variable",
            "element" : "method",
            "transform" : "copy",
            "parameter" : [{
              "valueString" : "POST"
            }]
          },
          {
            "contextType" : "variable",
            "variable" : "uuid",
            "transform" : "uuid"
          },
          {
            "context" : "request",
            "contextType" : "variable",
            "element" : "url",
            "transform" : "append",
            "parameter" : [{
              "valueString" : "/Observation/"
            },
            {
              "valueId" : "uuid"
            }]
          }]
        },
        {
          "name" : "2cba61ee",
          "source" : [{
            "context" : "src"
          }],
          "target" : [{
            "context" : "entry",
            "contextType" : "variable",
            "element" : "resource",
            "variable" : "tgt",
            "transform" : "create",
            "parameter" : [{
              "valueString" : "Observation"
            }]
          }],
          "rule" : [{
            "name" : "128f555c",
            "source" : [{
              "context" : "src"
            }],
            "target" : [{
              "contextType" : "variable",
              "transform" : "copy",
              "parameter" : [{
                "valueId" : "tgt"
              }]
            }],
            "dependent" : [{
              "name" : "emcareobservationemcareb22de14",
              "variable" : ["src",
              "tgt"],
              "_variable" : [{
                "extension" : [{
                  "url" : "http://hl7.org/fhir/tools/StructureDefinition/original-item-type",
                  "valueUrl" : "id"
                }]
              },
              {
                "extension" : [{
                  "url" : "http://hl7.org/fhir/tools/StructureDefinition/original-item-type",
                  "valueUrl" : "id"
                }]
              }]
            }]
          }]
        }]
      }]
    },
    {
      "name" : "17d5b370",
      "source" : [{
        "context" : "src",
        "element" : "item",
        "listMode" : "first",
        "variable" : "item",
        "condition" : "(linkId = 'EmCare.B22.DE14a') and answer.exists()"
      }],
      "rule" : [{
        "name" : "64f82f5e",
        "source" : [{
          "context" : "src"
        }],
        "target" : [{
          "context" : "bundle",
          "contextType" : "variable",
          "element" : "entry",
          "variable" : "entry"
        }],
        "rule" : [{
          "name" : "b50ac4c5",
          "source" : [{
            "context" : "src"
          }],
          "target" : [{
            "context" : "entry",
            "contextType" : "variable",
            "element" : "request",
            "variable" : "request"
          },
          {
            "context" : "request",
            "contextType" : "variable",
            "element" : "method",
            "transform" : "copy",
            "parameter" : [{
              "valueString" : "POST"
            }]
          },
          {
            "contextType" : "variable",
            "variable" : "uuid",
            "transform" : "uuid"
          },
          {
            "context" : "request",
            "contextType" : "variable",
            "element" : "url",
            "transform" : "append",
            "parameter" : [{
              "valueString" : "/Observation/"
            },
            {
              "valueId" : "uuid"
            }]
          }]
        },
        {
          "name" : "17f1508c",
          "source" : [{
            "context" : "src"
          }],
          "target" : [{
            "context" : "entry",
            "contextType" : "variable",
            "element" : "resource",
            "variable" : "tgt",
            "transform" : "create",
            "parameter" : [{
              "valueString" : "Observation"
            }]
          }],
          "rule" : [{
            "name" : "7b46291c",
            "source" : [{
              "context" : "src"
            }],
            "target" : [{
              "contextType" : "variable",
              "transform" : "copy",
              "parameter" : [{
                "valueId" : "tgt"
              }]
            }],
            "dependent" : [{
              "name" : "emcareobservationemcareb22de14a",
              "variable" : ["src",
              "tgt"],
              "_variable" : [{
                "extension" : [{
                  "url" : "http://hl7.org/fhir/tools/StructureDefinition/original-item-type",
                  "valueUrl" : "id"
                }]
              },
              {
                "extension" : [{
                  "url" : "http://hl7.org/fhir/tools/StructureDefinition/original-item-type",
                  "valueUrl" : "id"
                }]
              }]
            }]
          }]
        }]
      }]
    },
    {
      "name" : "33c9d538",
      "source" : [{
        "context" : "src",
        "element" : "item",
        "listMode" : "first",
        "variable" : "item",
        "condition" : "(linkId = 'EmCare.B22.DE15') and answer.exists()"
      }],
      "rule" : [{
        "name" : "7ffa5829",
        "source" : [{
          "context" : "src"
        }],
        "target" : [{
          "context" : "bundle",
          "contextType" : "variable",
          "element" : "entry",
          "variable" : "entry"
        }],
        "rule" : [{
          "name" : "b50ac4c5",
          "source" : [{
            "context" : "src"
          }],
          "target" : [{
            "context" : "entry",
            "contextType" : "variable",
            "element" : "request",
            "variable" : "request"
          },
          {
            "context" : "request",
            "contextType" : "variable",
            "element" : "method",
            "transform" : "copy",
            "parameter" : [{
              "valueString" : "POST"
            }]
          },
          {
            "contextType" : "variable",
            "variable" : "uuid",
            "transform" : "uuid"
          },
          {
            "context" : "request",
            "contextType" : "variable",
            "element" : "url",
            "transform" : "append",
            "parameter" : [{
              "valueString" : "/Observation/"
            },
            {
              "valueId" : "uuid"
            }]
          }]
        },
        {
          "name" : "49095bbf",
          "source" : [{
            "context" : "src"
          }],
          "target" : [{
            "context" : "entry",
            "contextType" : "variable",
            "element" : "resource",
            "variable" : "tgt",
            "transform" : "create",
            "parameter" : [{
              "valueString" : "Observation"
            }]
          }],
          "rule" : [{
            "name" : "0d25d61c",
            "source" : [{
              "context" : "src"
            }],
            "target" : [{
              "contextType" : "variable",
              "transform" : "copy",
              "parameter" : [{
                "valueId" : "tgt"
              }]
            }],
            "dependent" : [{
              "name" : "emcareobservationemcareb22de15",
              "variable" : ["src",
              "tgt"],
              "_variable" : [{
                "extension" : [{
                  "url" : "http://hl7.org/fhir/tools/StructureDefinition/original-item-type",
                  "valueUrl" : "id"
                }]
              },
              {
                "extension" : [{
                  "url" : "http://hl7.org/fhir/tools/StructureDefinition/original-item-type",
                  "valueUrl" : "id"
                }]
              }]
            }]
          }]
        }]
      }]
    },
    {
      "name" : "1a49e616",
      "source" : [{
        "context" : "src",
        "element" : "item",
        "listMode" : "first",
        "variable" : "item",
        "condition" : "(linkId = 'EmCare.B22.DE16') and answer.exists()"
      }],
      "rule" : [{
        "name" : "f53bf22c",
        "source" : [{
          "context" : "src"
        }],
        "target" : [{
          "context" : "bundle",
          "contextType" : "variable",
          "element" : "entry",
          "variable" : "entry"
        }],
        "rule" : [{
          "name" : "b50ac4c5",
          "source" : [{
            "context" : "src"
          }],
          "target" : [{
            "context" : "entry",
            "contextType" : "variable",
            "element" : "request",
            "variable" : "request"
          },
          {
            "context" : "request",
            "contextType" : "variable",
            "element" : "method",
            "transform" : "copy",
            "parameter" : [{
              "valueString" : "POST"
            }]
          },
          {
            "contextType" : "variable",
            "variable" : "uuid",
            "transform" : "uuid"
          },
          {
            "context" : "request",
            "contextType" : "variable",
            "element" : "url",
            "transform" : "append",
            "parameter" : [{
              "valueString" : "/Observation/"
            },
            {
              "valueId" : "uuid"
            }]
          }]
        },
        {
          "name" : "f426fdde",
          "source" : [{
            "context" : "src"
          }],
          "target" : [{
            "context" : "entry",
            "contextType" : "variable",
            "element" : "resource",
            "variable" : "tgt",
            "transform" : "create",
            "parameter" : [{
              "valueString" : "Observation"
            }]
          }],
          "rule" : [{
            "name" : "2bef72fa",
            "source" : [{
              "context" : "src"
            }],
            "target" : [{
              "contextType" : "variable",
              "transform" : "copy",
              "parameter" : [{
                "valueId" : "tgt"
              }]
            }],
            "dependent" : [{
              "name" : "emcareobservationemcareb22de16",
              "variable" : ["src",
              "tgt"],
              "_variable" : [{
                "extension" : [{
                  "url" : "http://hl7.org/fhir/tools/StructureDefinition/original-item-type",
                  "valueUrl" : "id"
                }]
              },
              {
                "extension" : [{
                  "url" : "http://hl7.org/fhir/tools/StructureDefinition/original-item-type",
                  "valueUrl" : "id"
                }]
              }]
            }]
          }]
        }]
      }]
    }]
  },
  {
    "name" : "emcareobservationemcareb22de08",
    "typeMode" : "none",
    "input" : [{
      "name" : "src",
      "mode" : "source"
    },
    {
      "name" : "tgt",
      "mode" : "target"
    }],
    "rule" : [{
      "name" : "id-emcareb22de08",
      "source" : [{
        "context" : "src"
      }],
      "target" : [{
        "context" : "tgt",
        "contextType" : "variable",
        "element" : "identifier",
        "variable" : "CodeID",
        "transform" : "create",
        "parameter" : [{
          "valueString" : "Identifier"
        }]
      },
      {
        "context" : "CodeID",
        "contextType" : "variable",
        "element" : "system",
        "transform" : "copy",
        "parameter" : [{
          "valueString" : "http://hl7.org/fhir/namingsystem-identifier-type"
        }]
      },
      {
        "context" : "CodeID",
        "contextType" : "variable",
        "element" : "use",
        "transform" : "copy",
        "parameter" : [{
          "valueString" : "official"
        }]
      },
      {
        "context" : "CodeID",
        "contextType" : "variable",
        "element" : "value",
        "transform" : "copy",
        "parameter" : [{
          "valueString" : "uuid"
        }]
      },
      {
        "context" : "CodeID",
        "contextType" : "variable",
        "element" : "id",
        "transform" : "uuid"
      }]
    },
    {
      "name" : "35bc6b82",
      "source" : [{
        "context" : "src",
        "element" : "encounter",
        "variable" : "encounter"
      }],
      "target" : [{
        "context" : "tgt",
        "contextType" : "variable",
        "element" : "encounter",
        "transform" : "copy",
        "parameter" : [{
          "valueId" : "encounter"
        }]
      }]
    },
    {
      "name" : "code-emcareb22de08",
      "source" : [{
        "context" : "src",
        "element" : "subject",
        "variable" : "subject"
      }],
      "target" : [{
        "context" : "tgt",
        "contextType" : "variable",
        "element" : "subject",
        "transform" : "copy",
        "parameter" : [{
          "valueId" : "subject"
        }]
      },
      {
        "context" : "tgt",
        "contextType" : "variable",
        "element" : "meta",
        "variable" : "newMeta",
        "transform" : "create",
        "parameter" : [{
          "valueString" : "Meta"
        }]
      },
      {
        "context" : "newMeta",
        "contextType" : "variable",
        "element" : "profile",
        "transform" : "copy",
        "parameter" : [{
          "valueString" : "https://fhir.dk.swisstph-mis.ch/matchbox/fhir/StructureDefinition/emcareobservation"
        }]
      },
      {
        "context" : "tgt",
        "contextType" : "variable",
        "element" : "code",
        "variable" : "concept",
        "transform" : "create",
        "parameter" : [{
          "valueString" : "CodeableConcept"
        }]
      },
      {
        "context" : "concept",
        "contextType" : "variable",
        "element" : "coding",
        "variable" : "coding",
        "transform" : "create",
        "parameter" : [{
          "valueString" : "Coding"
        }]
      },
      {
        "context" : "coding",
        "contextType" : "variable",
        "element" : "system",
        "transform" : "copy",
        "parameter" : [{
          "valueString" : "https://fhir.dk.swisstph-mis.ch/matchbox/fhir/CodeSystem/emcare-custom-codes"
        }]
      },
      {
        "context" : "coding",
        "contextType" : "variable",
        "element" : "code",
        "transform" : "copy",
        "parameter" : [{
          "valueString" : "EmCare.B22.DE08"
        }]
      }]
    },
    {
      "name" : "aae7a11d",
      "source" : [{
        "context" : "src",
        "element" : "item",
        "variable" : "itemtimestamp",
        "condition" : "linkId = 'timestamp'"
      }],
      "rule" : [{
        "name" : "7f22f29f",
        "source" : [{
          "context" : "itemtimestamp",
          "element" : "answer",
          "listMode" : "first",
          "variable" : "atimestamp"
        }],
        "rule" : [{
          "name" : "5af77f2c",
          "source" : [{
            "context" : "atimestamp",
            "element" : "value",
            "variable" : "val"
          }],
          "target" : [{
            "context" : "tgt",
            "contextType" : "variable",
            "element" : "issued",
            "transform" : "copy",
            "parameter" : [{
              "valueId" : "val"
            }]
          }]
        }]
      }]
    },
    {
      "name" : "patient",
      "source" : [{
        "context" : "src",
        "element" : "subject",
        "variable" : "subject"
      }],
      "target" : [{
        "context" : "tgt",
        "contextType" : "variable",
        "element" : "subject",
        "transform" : "copy",
        "parameter" : [{
          "valueId" : "subject"
        }]
      }]
    },
    {
      "name" : "64bb2211",
      "source" : [{
        "context" : "src",
        "element" : "item",
        "listMode" : "first",
        "variable" : "item",
        "condition" : "(linkId = 'EmCare.B22.DE08') and answer.exists()"
      }],
      "rule" : [{
        "name" : "6af9bfcc",
        "source" : [{
          "context" : "item",
          "element" : "answer",
          "listMode" : "first",
          "variable" : "a"
        }],
        "rule" : [{
          "name" : "310f4b1f",
          "source" : [{
            "context" : "a",
            "element" : "value",
            "variable" : "val"
          }],
          "rule" : [{
            "name" : "d0a13fda",
            "source" : [{
              "context" : "val",
              "condition" : "val.code = 'none'"
            }],
            "target" : [{
              "context" : "tgt",
              "contextType" : "variable",
              "element" : "swrapin_entry_createtatus",
              "transform" : "copy",
              "parameter" : [{
                "valueString" : "cancelled"
              }]
            }]
          },
          {
            "name" : "a1050460",
            "source" : [{
              "context" : "val",
              "condition" : "val.code != 'none'"
            }],
            "target" : [{
              "context" : "tgt",
              "contextType" : "variable",
              "element" : "value",
              "variable" : "cc",
              "transform" : "create",
              "parameter" : [{
                "valueString" : "CodeableConcept"
              }]
            },
            {
              "context" : "cc",
              "contextType" : "variable",
              "element" : "coding",
              "transform" : "copy",
              "parameter" : [{
                "valueId" : "val"
              }]
            },
            {
              "context" : "tgt",
              "contextType" : "variable",
              "element" : "status",
              "transform" : "copy",
              "parameter" : [{
                "valueString" : "final"
              }]
            }]
          }]
        }]
      }]
    }]
  },
  {
    "name" : "emcareobservationemcareb22de14",
    "typeMode" : "none",
    "input" : [{
      "name" : "src",
      "mode" : "source"
    },
    {
      "name" : "tgt",
      "mode" : "target"
    }],
    "rule" : [{
      "name" : "id-emcareb22de14",
      "source" : [{
        "context" : "src"
      }],
      "target" : [{
        "context" : "tgt",
        "contextType" : "variable",
        "element" : "identifier",
        "variable" : "CodeID",
        "transform" : "create",
        "parameter" : [{
          "valueString" : "Identifier"
        }]
      },
      {
        "context" : "CodeID",
        "contextType" : "variable",
        "element" : "system",
        "transform" : "copy",
        "parameter" : [{
          "valueString" : "http://hl7.org/fhir/namingsystem-identifier-type"
        }]
      },
      {
        "context" : "CodeID",
        "contextType" : "variable",
        "element" : "use",
        "transform" : "copy",
        "parameter" : [{
          "valueString" : "official"
        }]
      },
      {
        "context" : "CodeID",
        "contextType" : "variable",
        "element" : "value",
        "transform" : "copy",
        "parameter" : [{
          "valueString" : "uuid"
        }]
      },
      {
        "context" : "CodeID",
        "contextType" : "variable",
        "element" : "id",
        "transform" : "uuid"
      }]
    },
    {
      "name" : "35bc6b82",
      "source" : [{
        "context" : "src",
        "element" : "encounter",
        "variable" : "encounter"
      }],
      "target" : [{
        "context" : "tgt",
        "contextType" : "variable",
        "element" : "encounter",
        "transform" : "copy",
        "parameter" : [{
          "valueId" : "encounter"
        }]
      }]
    },
    {
      "name" : "code-emcareb22de14",
      "source" : [{
        "context" : "src",
        "element" : "subject",
        "variable" : "subject"
      }],
      "target" : [{
        "context" : "tgt",
        "contextType" : "variable",
        "element" : "subject",
        "transform" : "copy",
        "parameter" : [{
          "valueId" : "subject"
        }]
      },
      {
        "context" : "tgt",
        "contextType" : "variable",
        "element" : "meta",
        "variable" : "newMeta",
        "transform" : "create",
        "parameter" : [{
          "valueString" : "Meta"
        }]
      },
      {
        "context" : "newMeta",
        "contextType" : "variable",
        "element" : "profile",
        "transform" : "copy",
        "parameter" : [{
          "valueString" : "https://fhir.dk.swisstph-mis.ch/matchbox/fhir/StructureDefinition/emcareobservation"
        }]
      },
      {
        "context" : "tgt",
        "contextType" : "variable",
        "element" : "code",
        "variable" : "concept",
        "transform" : "create",
        "parameter" : [{
          "valueString" : "CodeableConcept"
        }]
      },
      {
        "context" : "concept",
        "contextType" : "variable",
        "element" : "coding",
        "variable" : "coding",
        "transform" : "create",
        "parameter" : [{
          "valueString" : "Coding"
        }]
      },
      {
        "context" : "coding",
        "contextType" : "variable",
        "element" : "system",
        "transform" : "copy",
        "parameter" : [{
          "valueString" : "https://fhir.dk.swisstph-mis.ch/matchbox/fhir/CodeSystem/emcare-custom-codes"
        }]
      },
      {
        "context" : "coding",
        "contextType" : "variable",
        "element" : "code",
        "transform" : "copy",
        "parameter" : [{
          "valueString" : "EmCare.B22.DE14"
        }]
      }]
    },
    {
      "name" : "aae7a11d",
      "source" : [{
        "context" : "src",
        "element" : "item",
        "variable" : "itemtimestamp",
        "condition" : "linkId = 'timestamp'"
      }],
      "rule" : [{
        "name" : "7f22f29f",
        "source" : [{
          "context" : "itemtimestamp",
          "element" : "answer",
          "listMode" : "first",
          "variable" : "atimestamp"
        }],
        "rule" : [{
          "name" : "5af77f2c",
          "source" : [{
            "context" : "atimestamp",
            "element" : "value",
            "variable" : "val"
          }],
          "target" : [{
            "context" : "tgt",
            "contextType" : "variable",
            "element" : "issued",
            "transform" : "copy",
            "parameter" : [{
              "valueId" : "val"
            }]
          }]
        }]
      }]
    },
    {
      "name" : "patient",
      "source" : [{
        "context" : "src",
        "element" : "subject",
        "variable" : "subject"
      }],
      "target" : [{
        "context" : "tgt",
        "contextType" : "variable",
        "element" : "subject",
        "transform" : "copy",
        "parameter" : [{
          "valueId" : "subject"
        }]
      }]
    },
    {
      "name" : "0ac7445d",
      "source" : [{
        "context" : "src",
        "element" : "item",
        "listMode" : "first",
        "variable" : "item",
        "condition" : "(linkId = 'EmCare.B22.DE14') and answer.exists()"
      }],
      "rule" : [{
        "name" : "721205d5",
        "source" : [{
          "context" : "item",
          "element" : "answer",
          "listMode" : "first",
          "variable" : "a"
        }],
        "rule" : [{
          "name" : "26c2c8c7",
          "source" : [{
            "context" : "a",
            "element" : "value",
            "variable" : "val"
          }],
          "rule" : [{
            "name" : "8a65aaa5",
            "source" : [{
              "context" : "val",
              "condition" : "val.code = 'true'"
            }],
            "target" : [{
              "context" : "tgt",
              "contextType" : "variable",
              "element" : "status",
              "transform" : "copy",
              "parameter" : [{
                "valueString" : "final"
              }]
            },
            {
              "context" : "tgt",
              "contextType" : "variable",
              "element" : "value",
              "transform" : "copy",
              "parameter" : [{
                "valueBoolean" : true
              }]
            }]
          }]
        }]
      }]
    }]
  },
  {
    "name" : "emcareobservationemcareb22de14a",
    "typeMode" : "none",
    "input" : [{
      "name" : "src",
      "mode" : "source"
    },
    {
      "name" : "tgt",
      "mode" : "target"
    }],
    "rule" : [{
      "name" : "id-emcareb22de14a",
      "source" : [{
        "context" : "src"
      }],
      "target" : [{
        "context" : "tgt",
        "contextType" : "variable",
        "element" : "identifier",
        "variable" : "CodeID",
        "transform" : "create",
        "parameter" : [{
          "valueString" : "Identifier"
        }]
      },
      {
        "context" : "CodeID",
        "contextType" : "variable",
        "element" : "system",
        "transform" : "copy",
        "parameter" : [{
          "valueString" : "http://hl7.org/fhir/namingsystem-identifier-type"
        }]
      },
      {
        "context" : "CodeID",
        "contextType" : "variable",
        "element" : "use",
        "transform" : "copy",
        "parameter" : [{
          "valueString" : "official"
        }]
      },
      {
        "context" : "CodeID",
        "contextType" : "variable",
        "element" : "value",
        "transform" : "copy",
        "parameter" : [{
          "valueString" : "uuid"
        }]
      },
      {
        "context" : "CodeID",
        "contextType" : "variable",
        "element" : "id",
        "transform" : "uuid"
      }]
    },
    {
      "name" : "35bc6b82",
      "source" : [{
        "context" : "src",
        "element" : "encounter",
        "variable" : "encounter"
      }],
      "target" : [{
        "context" : "tgt",
        "contextType" : "variable",
        "element" : "encounter",
        "transform" : "copy",
        "parameter" : [{
          "valueId" : "encounter"
        }]
      }]
    },
    {
      "name" : "code-emcareb22de14a",
      "source" : [{
        "context" : "src",
        "element" : "subject",
        "variable" : "subject"
      }],
      "target" : [{
        "context" : "tgt",
        "contextType" : "variable",
        "element" : "subject",
        "transform" : "copy",
        "parameter" : [{
          "valueId" : "subject"
        }]
      },
      {
        "context" : "tgt",
        "contextType" : "variable",
        "element" : "meta",
        "variable" : "newMeta",
        "transform" : "create",
        "parameter" : [{
          "valueString" : "Meta"
        }]
      },
      {
        "context" : "newMeta",
        "contextType" : "variable",
        "element" : "profile",
        "transform" : "copy",
        "parameter" : [{
          "valueString" : "https://fhir.dk.swisstph-mis.ch/matchbox/fhir/StructureDefinition/emcareobservation"
        }]
      },
      {
        "context" : "tgt",
        "contextType" : "variable",
        "element" : "code",
        "variable" : "concept",
        "transform" : "create",
        "parameter" : [{
          "valueString" : "CodeableConcept"
        }]
      },
      {
        "context" : "concept",
        "contextType" : "variable",
        "element" : "coding",
        "variable" : "coding",
        "transform" : "create",
        "parameter" : [{
          "valueString" : "Coding"
        }]
      },
      {
        "context" : "coding",
        "contextType" : "variable",
        "element" : "system",
        "transform" : "copy",
        "parameter" : [{
          "valueString" : "https://fhir.dk.swisstph-mis.ch/matchbox/fhir/CodeSystem/emcare-custom-codes"
        }]
      },
      {
        "context" : "coding",
        "contextType" : "variable",
        "element" : "code",
        "transform" : "copy",
        "parameter" : [{
          "valueString" : "EmCare.B22.DE14a"
        }]
      }]
    },
    {
      "name" : "aae7a11d",
      "source" : [{
        "context" : "src",
        "element" : "item",
        "variable" : "itemtimestamp",
        "condition" : "linkId = 'timestamp'"
      }],
      "rule" : [{
        "name" : "7f22f29f",
        "source" : [{
          "context" : "itemtimestamp",
          "element" : "answer",
          "listMode" : "first",
          "variable" : "atimestamp"
        }],
        "rule" : [{
          "name" : "5af77f2c",
          "source" : [{
            "context" : "atimestamp",
            "element" : "value",
            "variable" : "val"
          }],
          "target" : [{
            "context" : "tgt",
            "contextType" : "variable",
            "element" : "issued",
            "transform" : "copy",
            "parameter" : [{
              "valueId" : "val"
            }]
          }]
        }]
      }]
    },
    {
      "name" : "patient",
      "source" : [{
        "context" : "src",
        "element" : "subject",
        "variable" : "subject"
      }],
      "target" : [{
        "context" : "tgt",
        "contextType" : "variable",
        "element" : "subject",
        "transform" : "copy",
        "parameter" : [{
          "valueId" : "subject"
        }]
      }]
    },
    {
      "name" : "b79a05a4",
      "source" : [{
        "context" : "src",
        "element" : "item",
        "listMode" : "first",
        "variable" : "item",
        "condition" : "(linkId = 'EmCare.B22.DE14a') and answer.exists()"
      }],
      "rule" : [{
        "name" : "bdab9370",
        "source" : [{
          "context" : "item",
          "element" : "answer",
          "listMode" : "first",
          "variable" : "a"
        }],
        "rule" : [{
          "name" : "final-emcareb22de14a",
          "source" : [{
            "context" : "a",
            "condition" : "a.value = true"
          }],
          "target" : [{
            "context" : "tgt",
            "contextType" : "variable",
            "element" : "status",
            "transform" : "copy",
            "parameter" : [{
              "valueString" : "final"
            }]
          },
          {
            "context" : "tgt",
            "contextType" : "variable",
            "element" : "value",
            "transform" : "copy",
            "parameter" : [{
              "valueBoolean" : true
            }]
          }]
        },
        {
          "name" : "notfound-emcareb22de14a",
          "source" : [{
            "context" : "a",
            "condition" : "a.value = false"
          }],
          "target" : [{
            "context" : "tgt",
            "contextType" : "variable",
            "element" : "status",
            "transform" : "copy",
            "parameter" : [{
              "valueString" : "cancelled"
            }]
          },
          {
            "context" : "tgt",
            "contextType" : "variable",
            "element" : "value",
            "transform" : "copy",
            "parameter" : [{
              "valueBoolean" : false
            }]
          }]
        }]
      }]
    }]
  },
  {
    "name" : "emcareobservationemcareb22de15",
    "typeMode" : "none",
    "input" : [{
      "name" : "src",
      "mode" : "source"
    },
    {
      "name" : "tgt",
      "mode" : "target"
    }],
    "rule" : [{
      "name" : "id-emcareb22de15",
      "source" : [{
        "context" : "src"
      }],
      "target" : [{
        "context" : "tgt",
        "contextType" : "variable",
        "element" : "identifier",
        "variable" : "CodeID",
        "transform" : "create",
        "parameter" : [{
          "valueString" : "Identifier"
        }]
      },
      {
        "context" : "CodeID",
        "contextType" : "variable",
        "element" : "system",
        "transform" : "copy",
        "parameter" : [{
          "valueString" : "http://hl7.org/fhir/namingsystem-identifier-type"
        }]
      },
      {
        "context" : "CodeID",
        "contextType" : "variable",
        "element" : "use",
        "transform" : "copy",
        "parameter" : [{
          "valueString" : "official"
        }]
      },
      {
        "context" : "CodeID",
        "contextType" : "variable",
        "element" : "value",
        "transform" : "copy",
        "parameter" : [{
          "valueString" : "uuid"
        }]
      },
      {
        "context" : "CodeID",
        "contextType" : "variable",
        "element" : "id",
        "transform" : "uuid"
      }]
    },
    {
      "name" : "35bc6b82",
      "source" : [{
        "context" : "src",
        "element" : "encounter",
        "variable" : "encounter"
      }],
      "target" : [{
        "context" : "tgt",
        "contextType" : "variable",
        "element" : "encounter",
        "transform" : "copy",
        "parameter" : [{
          "valueId" : "encounter"
        }]
      }]
    },
    {
      "name" : "code-emcareb22de15",
      "source" : [{
        "context" : "src",
        "element" : "subject",
        "variable" : "subject"
      }],
      "target" : [{
        "context" : "tgt",
        "contextType" : "variable",
        "element" : "subject",
        "transform" : "copy",
        "parameter" : [{
          "valueId" : "subject"
        }]
      },
      {
        "context" : "tgt",
        "contextType" : "variable",
        "element" : "meta",
        "variable" : "newMeta",
        "transform" : "create",
        "parameter" : [{
          "valueString" : "Meta"
        }]
      },
      {
        "context" : "newMeta",
        "contextType" : "variable",
        "element" : "profile",
        "transform" : "copy",
        "parameter" : [{
          "valueString" : "https://fhir.dk.swisstph-mis.ch/matchbox/fhir/StructureDefinition/emcareobservation"
        }]
      },
      {
        "context" : "tgt",
        "contextType" : "variable",
        "element" : "code",
        "variable" : "concept",
        "transform" : "create",
        "parameter" : [{
          "valueString" : "CodeableConcept"
        }]
      },
      {
        "context" : "concept",
        "contextType" : "variable",
        "element" : "coding",
        "variable" : "coding",
        "transform" : "create",
        "parameter" : [{
          "valueString" : "Coding"
        }]
      },
      {
        "context" : "coding",
        "contextType" : "variable",
        "element" : "system",
        "transform" : "copy",
        "parameter" : [{
          "valueString" : "https://fhir.dk.swisstph-mis.ch/matchbox/fhir/CodeSystem/emcare-custom-codes"
        }]
      },
      {
        "context" : "coding",
        "contextType" : "variable",
        "element" : "code",
        "transform" : "copy",
        "parameter" : [{
          "valueString" : "EmCare.B22.DE15"
        }]
      }]
    },
    {
      "name" : "aae7a11d",
      "source" : [{
        "context" : "src",
        "element" : "item",
        "variable" : "itemtimestamp",
        "condition" : "linkId = 'timestamp'"
      }],
      "rule" : [{
        "name" : "7f22f29f",
        "source" : [{
          "context" : "itemtimestamp",
          "element" : "answer",
          "listMode" : "first",
          "variable" : "atimestamp"
        }],
        "rule" : [{
          "name" : "5af77f2c",
          "source" : [{
            "context" : "atimestamp",
            "element" : "value",
            "variable" : "val"
          }],
          "target" : [{
            "context" : "tgt",
            "contextType" : "variable",
            "element" : "issued",
            "transform" : "copy",
            "parameter" : [{
              "valueId" : "val"
            }]
          }]
        }]
      }]
    },
    {
      "name" : "patient",
      "source" : [{
        "context" : "src",
        "element" : "subject",
        "variable" : "subject"
      }],
      "target" : [{
        "context" : "tgt",
        "contextType" : "variable",
        "element" : "subject",
        "transform" : "copy",
        "parameter" : [{
          "valueId" : "subject"
        }]
      }]
    },
    {
      "name" : "6c50dbd5",
      "source" : [{
        "context" : "src",
        "element" : "item",
        "listMode" : "first",
        "variable" : "item",
        "condition" : "(linkId = 'EmCare.B22.DE15') and answer.exists()"
      }],
      "rule" : [{
        "name" : "bdab9370",
        "source" : [{
          "context" : "item",
          "element" : "answer",
          "listMode" : "first",
          "variable" : "a"
        }],
        "rule" : [{
          "name" : "final-emcareb22de15",
          "source" : [{
            "context" : "a",
            "condition" : "a.value = true"
          }],
          "target" : [{
            "context" : "tgt",
            "contextType" : "variable",
            "element" : "status",
            "transform" : "copy",
            "parameter" : [{
              "valueString" : "final"
            }]
          },
          {
            "context" : "tgt",
            "contextType" : "variable",
            "element" : "value",
            "transform" : "copy",
            "parameter" : [{
              "valueBoolean" : true
            }]
          }]
        },
        {
          "name" : "notfound-emcareb22de15",
          "source" : [{
            "context" : "a",
            "condition" : "a.value = false"
          }],
          "target" : [{
            "context" : "tgt",
            "contextType" : "variable",
            "element" : "status",
            "transform" : "copy",
            "parameter" : [{
              "valueString" : "cancelled"
            }]
          },
          {
            "context" : "tgt",
            "contextType" : "variable",
            "element" : "value",
            "transform" : "copy",
            "parameter" : [{
              "valueBoolean" : false
            }]
          }]
        }]
      }]
    }]
  },
  {
    "name" : "emcareobservationemcareb22de16",
    "typeMode" : "none",
    "input" : [{
      "name" : "src",
      "mode" : "source"
    },
    {
      "name" : "tgt",
      "mode" : "target"
    }],
    "rule" : [{
      "name" : "id-emcareb22de16",
      "source" : [{
        "context" : "src"
      }],
      "target" : [{
        "context" : "tgt",
        "contextType" : "variable",
        "element" : "identifier",
        "variable" : "CodeID",
        "transform" : "create",
        "parameter" : [{
          "valueString" : "Identifier"
        }]
      },
      {
        "context" : "CodeID",
        "contextType" : "variable",
        "element" : "system",
        "transform" : "copy",
        "parameter" : [{
          "valueString" : "http://hl7.org/fhir/namingsystem-identifier-type"
        }]
      },
      {
        "context" : "CodeID",
        "contextType" : "variable",
        "element" : "use",
        "transform" : "copy",
        "parameter" : [{
          "valueString" : "official"
        }]
      },
      {
        "context" : "CodeID",
        "contextType" : "variable",
        "element" : "value",
        "transform" : "copy",
        "parameter" : [{
          "valueString" : "uuid"
        }]
      },
      {
        "context" : "CodeID",
        "contextType" : "variable",
        "element" : "id",
        "transform" : "uuid"
      }]
    },
    {
      "name" : "35bc6b82",
      "source" : [{
        "context" : "src",
        "element" : "encounter",
        "variable" : "encounter"
      }],
      "target" : [{
        "context" : "tgt",
        "contextType" : "variable",
        "element" : "encounter",
        "transform" : "copy",
        "parameter" : [{
          "valueId" : "encounter"
        }]
      }]
    },
    {
      "name" : "code-emcareb22de16",
      "source" : [{
        "context" : "src",
        "element" : "subject",
        "variable" : "subject"
      }],
      "target" : [{
        "context" : "tgt",
        "contextType" : "variable",
        "element" : "subject",
        "transform" : "copy",
        "parameter" : [{
          "valueId" : "subject"
        }]
      },
      {
        "context" : "tgt",
        "contextType" : "variable",
        "element" : "meta",
        "variable" : "newMeta",
        "transform" : "create",
        "parameter" : [{
          "valueString" : "Meta"
        }]
      },
      {
        "context" : "newMeta",
        "contextType" : "variable",
        "element" : "profile",
        "transform" : "copy",
        "parameter" : [{
          "valueString" : "https://fhir.dk.swisstph-mis.ch/matchbox/fhir/StructureDefinition/emcareobservation"
        }]
      },
      {
        "context" : "tgt",
        "contextType" : "variable",
        "element" : "code",
        "variable" : "concept",
        "transform" : "create",
        "parameter" : [{
          "valueString" : "CodeableConcept"
        }]
      },
      {
        "context" : "concept",
        "contextType" : "variable",
        "element" : "coding",
        "variable" : "coding",
        "transform" : "create",
        "parameter" : [{
          "valueString" : "Coding"
        }]
      },
      {
        "context" : "coding",
        "contextType" : "variable",
        "element" : "system",
        "transform" : "copy",
        "parameter" : [{
          "valueString" : "https://fhir.dk.swisstph-mis.ch/matchbox/fhir/CodeSystem/emcare-custom-codes"
        }]
      },
      {
        "context" : "coding",
        "contextType" : "variable",
        "element" : "code",
        "transform" : "copy",
        "parameter" : [{
          "valueString" : "EmCare.B22.DE16"
        }]
      }]
    },
    {
      "name" : "aae7a11d",
      "source" : [{
        "context" : "src",
        "element" : "item",
        "variable" : "itemtimestamp",
        "condition" : "linkId = 'timestamp'"
      }],
      "rule" : [{
        "name" : "7f22f29f",
        "source" : [{
          "context" : "itemtimestamp",
          "element" : "answer",
          "listMode" : "first",
          "variable" : "atimestamp"
        }],
        "rule" : [{
          "name" : "5af77f2c",
          "source" : [{
            "context" : "atimestamp",
            "element" : "value",
            "variable" : "val"
          }],
          "target" : [{
            "context" : "tgt",
            "contextType" : "variable",
            "element" : "issued",
            "transform" : "copy",
            "parameter" : [{
              "valueId" : "val"
            }]
          }]
        }]
      }]
    },
    {
      "name" : "patient",
      "source" : [{
        "context" : "src",
        "element" : "subject",
        "variable" : "subject"
      }],
      "target" : [{
        "context" : "tgt",
        "contextType" : "variable",
        "element" : "subject",
        "transform" : "copy",
        "parameter" : [{
          "valueId" : "subject"
        }]
      }]
    },
    {
      "name" : "6d23b905",
      "source" : [{
        "context" : "src",
        "element" : "item",
        "listMode" : "first",
        "variable" : "item",
        "condition" : "(linkId = 'EmCare.B22.DE16') and answer.exists()"
      }],
      "rule" : [{
        "name" : "6af9bfcc",
        "source" : [{
          "context" : "item",
          "element" : "answer",
          "listMode" : "first",
          "variable" : "a"
        }],
        "rule" : [{
          "name" : "310f4b1f",
          "source" : [{
            "context" : "a",
            "element" : "value",
            "variable" : "val"
          }],
          "rule" : [{
            "name" : "d0a13fda",
            "source" : [{
              "context" : "val",
              "condition" : "val.code = 'none'"
            }],
            "target" : [{
              "context" : "tgt",
              "contextType" : "variable",
              "element" : "swrapin_entry_createtatus",
              "transform" : "copy",
              "parameter" : [{
                "valueString" : "cancelled"
              }]
            }]
          },
          {
            "name" : "a1050460",
            "source" : [{
              "context" : "val",
              "condition" : "val.code != 'none'"
            }],
            "target" : [{
              "context" : "tgt",
              "contextType" : "variable",
              "element" : "value",
              "variable" : "cc",
              "transform" : "create",
              "parameter" : [{
                "valueString" : "CodeableConcept"
              }]
            },
            {
              "context" : "cc",
              "contextType" : "variable",
              "element" : "coding",
              "transform" : "copy",
              "parameter" : [{
                "valueId" : "val"
              }]
            },
            {
              "context" : "tgt",
              "contextType" : "variable",
              "element" : "status",
              "transform" : "copy",
              "parameter" : [{
                "valueString" : "final"
              }]
            }]
          }]
        }]
      }]
    }]
  }]
}