{
  "resourceType" : "ValueSet",
  "id" : "abilitytoswallow",
  "text" : {
    "status" : "extensions",
    "div" : "<div xmlns=\"http://www.w3.org/1999/xhtml\"><ul><li>Include these codes as defined in <a href=\"CodeSystem-emcare-custom-codes.html\"><code>https://fhir.dk.swisstph-mis.ch/matchbox/fhir/CodeSystem/emcare-custom-codes</code></a><table class=\"none\"><tr><td style=\"white-space:nowrap\"><b>Code</b></td><td><b>Display</b></td><td><b>Definition</b></td></tr><tr><td><a href=\"CodeSystem-emcare-custom-codes.html#emcare-custom-codes-EmCare.46B17S1.46DE08\">EmCare.B17S1.DE08</a></td><td>Yes, without difficulty</td><td>The client can swallow without difficulty</td></tr><tr><td><a href=\"CodeSystem-emcare-custom-codes.html#emcare-custom-codes-EmCare.46B17S1.46DE09\">EmCare.B17S1.DE09</a></td><td>Difficulty in swallowing</td><td>The client has Difficulty in swallowing</td></tr><tr><td><a href=\"CodeSystem-emcare-custom-codes.html#emcare-custom-codes-EmCare.46B17S1.46DE10\">EmCare.B17S1.DE10</a></td><td>Unable to swallow</td><td>The client is Unable to swallow</td></tr></table></li></ul></div>"
  },
  "url" : "https://fhir.dk.swisstph-mis.ch/matchbox/fhir/ValueSet/abilitytoswallow",
  "version" : "0.1.0",
  "name" : "valueset-abilitytoswallow",
  "status" : "draft",
  "experimental" : false,
  "date" : "2023-04-03T14:56:37+00:00",
  "publisher" : "World Health Organization (WHO)",
  "contact" : [{
    "telecom" : [{
      "system" : "url",
      "value" : "https://www.who.int"
    }]
  }],
  "description" : "Codes representing possible values for the Provide an estimated age or estimated date of birth element",
  "jurisdiction" : [{
    "coding" : [{
      "system" : "http://unstats.un.org/unsd/methods/m49/m49.htm",
      "code" : "001"
    }]
  }],
  "immutable" : true,
  "compose" : {
    "include" : [{
      "system" : "https://fhir.dk.swisstph-mis.ch/matchbox/fhir/CodeSystem/emcare-custom-codes",
      "concept" : [{
        "code" : "EmCare.B17S1.DE08",
        "display" : "Yes, without difficulty",
        "designation" : [{
          "value" : "The client can swallow without difficulty"
        }]
      },
      {
        "code" : "EmCare.B17S1.DE09",
        "display" : "Difficulty in swallowing",
        "designation" : [{
          "value" : "The client has Difficulty in swallowing"
        }]
      },
      {
        "code" : "EmCare.B17S1.DE10",
        "display" : "Unable to swallow",
        "designation" : [{
          "value" : "The client is Unable to swallow"
        }]
      }]
    }]
  }
}