{
  "resourceType" : "ValueSet",
  "id" : "replacement-milk",
  "text" : {
    "status" : "extensions",
    "div" : "<div xmlns=\"http://www.w3.org/1999/xhtml\"><ul><li>Include these codes as defined in <a href=\"CodeSystem-emcare-custom-codes.html\"><code>https://fhir.dk.swisstph-mis.ch/matchbox/fhir/CodeSystem/emcare-custom-codes</code></a><table class=\"none\"><tr><td style=\"white-space:nowrap\"><b>Code</b></td><td><b>Display</b></td><td><b>Definition</b></td></tr><tr><td><a href=\"CodeSystem-emcare-custom-codes.html#emcare-custom-codes-EmCare.46B21S2.46DE11\">EmCare.B21S2.DE11</a></td><td>Inappropriate replacement milk</td><td>The care giver is giving inappropriate replacement milk</td></tr><tr><td><a href=\"CodeSystem-emcare-custom-codes.html#emcare-custom-codes-EmCare.46B21S2.46DE10\">EmCare.B21S2.DE10</a></td><td>Appropriate replacement milk</td><td>The care giver is giving appropriate  replacement milk</td></tr></table></li></ul></div>"
  },
  "url" : "https://fhir.dk.swisstph-mis.ch/matchbox/fhir/ValueSet/replacement-milk",
  "version" : "0.1.0",
  "name" : "valueset-replacement-milk",
  "title" : "EmCare.B21S2.DE09",
  "status" : "draft",
  "experimental" : false,
  "date" : "2023-04-11T17:43:01+00:00",
  "publisher" : "World Health Organization (WHO)",
  "contact" : [{
    "telecom" : [{
      "system" : "url",
      "value" : "https://www.who.int"
    }]
  }],
  "description" : "What milk is being given as a replacement feed?",
  "jurisdiction" : [{
    "coding" : [{
      "system" : "http://unstats.un.org/unsd/methods/m49/m49.htm",
      "code" : "001"
    }]
  }],
  "immutable" : true,
  "compose" : {
    "include" : [{
      "system" : "https://fhir.dk.swisstph-mis.ch/matchbox/fhir/CodeSystem/emcare-custom-codes",
      "concept" : [{
        "code" : "EmCare.B21S2.DE11",
        "display" : "Inappropriate replacement milk",
        "designation" : [{
          "value" : "The care giver is giving inappropriate replacement milk"
        }]
      },
      {
        "code" : "EmCare.B21S2.DE10",
        "display" : "Appropriate replacement milk",
        "designation" : [{
          "value" : "The care giver is giving appropriate  replacement milk"
        }]
      }]
    }]
  }
}