{
  "resourceType" : "ValueSet",
  "id" : "number-of-convulsions",
  "text" : {
    "status" : "extensions",
    "div" : "<div xmlns=\"http://www.w3.org/1999/xhtml\"><ul><li>Include these codes as defined in <a href=\"CodeSystem-emcare-custom-codes.html\"><code>https://fhir.dk.swisstph-mis.ch/matchbox/fhir/CodeSystem/emcare-custom-codes</code></a><table class=\"none\"><tr><td style=\"white-space:nowrap\"><b>Code</b></td><td><b>Display</b></td><td><b>Definition</b></td></tr><tr><td><a href=\"CodeSystem-emcare-custom-codes.html#emcare-custom-codes-EmCare.46B7.46DE06\">EmCare.B7.DE06</a></td><td>Two or more convulsions</td><td>The client is reported to have had two or more convulsions in this illness</td></tr><tr><td><a href=\"CodeSystem-emcare-custom-codes.html#emcare-custom-codes-EmCare.46B7.46DE05\">EmCare.B7.DE05</a></td><td>One Convulsion</td><td>The client is reported to have had one convulsion in this illness</td></tr></table></li></ul></div>"
  },
  "url" : "https://fhir.dk.swisstph-mis.ch/matchbox/fhir/ValueSet/number-of-convulsions",
  "version" : "0.1.0",
  "name" : "valueset-number-of-convulsions",
  "status" : "draft",
  "experimental" : false,
  "date" : "2023-04-03T14:56:37+00:00",
  "publisher" : "World Health Organization (WHO)",
  "contact" : [{
    "telecom" : [{
      "system" : "url",
      "value" : "https://www.who.int"
    }]
  }],
  "description" : "Codes representing possible values for the Provide an estimated age or estimated date of birth element",
  "jurisdiction" : [{
    "coding" : [{
      "system" : "http://unstats.un.org/unsd/methods/m49/m49.htm",
      "code" : "001"
    }]
  }],
  "immutable" : true,
  "compose" : {
    "include" : [{
      "system" : "https://fhir.dk.swisstph-mis.ch/matchbox/fhir/CodeSystem/emcare-custom-codes",
      "concept" : [{
        "code" : "EmCare.B7.DE06",
        "display" : "Two or more convulsions",
        "designation" : [{
          "value" : "The client is reported to have had two or more convulsions in this illness"
        }]
      },
      {
        "code" : "EmCare.B7.DE05",
        "display" : "One Convulsion",
        "designation" : [{
          "value" : "The client is reported to have had one convulsion in this illness"
        }]
      }]
    }]
  }
}