{
  "resourceType" : "ValueSet",
  "id" : "breastfeed-assessment",
  "text" : {
    "status" : "extensions",
    "div" : "<div xmlns=\"http://www.w3.org/1999/xhtml\"><ul><li>Include these codes as defined in <a href=\"CodeSystem-emcare-custom-codes.html\"><code>https://fhir.dk.swisstph-mis.ch/matchbox/fhir/CodeSystem/emcare-custom-codes</code></a><table class=\"none\"><tr><td style=\"white-space:nowrap\"><b>Code</b></td><td><b>Display</b></td><td><b>Definition</b></td></tr><tr><td><a href=\"CodeSystem-emcare-custom-codes.html#emcare-custom-codes-EmCare.46B22.46DE37\">EmCare.B22.DE37</a></td><td>Not well Attached to Breast</td><td>The client is not well attached to breast</td></tr><tr><td><a href=\"CodeSystem-emcare-custom-codes.html#emcare-custom-codes-EmCare.46B22.46DE38\">EmCare.B22.DE38</a></td><td>Good Attachment</td><td>The client has a good attachment</td></tr><tr><td><a href=\"CodeSystem-emcare-custom-codes.html#emcare-custom-codes-EmCare.46B22.46DE39\">EmCare.B22.DE39</a></td><td>Not Sucking Effectively</td><td>The client is not sucking effectively</td></tr><tr><td><a href=\"CodeSystem-emcare-custom-codes.html#emcare-custom-codes-EmCare.46B22.46DE40\">EmCare.B22.DE40</a></td><td>Sucking Effectively</td><td>The client is sucking effectively</td></tr></table></li></ul></div>"
  },
  "url" : "https://fhir.dk.swisstph-mis.ch/matchbox/fhir/ValueSet/breastfeed-assessment",
  "version" : "0.1.0",
  "name" : "valueset-breastfeed-assessment",
  "title" : "EmCare.B22.DE36",
  "status" : "draft",
  "experimental" : false,
  "date" : "2023-04-11T17:43:16+00:00",
  "publisher" : "World Health Organization (WHO)",
  "contact" : [{
    "telecom" : [{
      "system" : "url",
      "value" : "https://www.who.int"
    }]
  }],
  "description" : "Breastfeeding Assessment Results",
  "jurisdiction" : [{
    "coding" : [{
      "system" : "http://unstats.un.org/unsd/methods/m49/m49.htm",
      "code" : "001"
    }]
  }],
  "immutable" : true,
  "compose" : {
    "include" : [{
      "system" : "https://fhir.dk.swisstph-mis.ch/matchbox/fhir/CodeSystem/emcare-custom-codes",
      "concept" : [{
        "code" : "EmCare.B22.DE37",
        "display" : "Not well Attached to Breast",
        "designation" : [{
          "value" : "The client is not well attached to breast"
        }]
      },
      {
        "code" : "EmCare.B22.DE38",
        "display" : "Good Attachment",
        "designation" : [{
          "value" : "The client has a good attachment"
        }]
      },
      {
        "code" : "EmCare.B22.DE39",
        "display" : "Not Sucking Effectively",
        "designation" : [{
          "value" : "The client is not sucking effectively"
        }]
      },
      {
        "code" : "EmCare.B22.DE40",
        "display" : "Sucking Effectively",
        "designation" : [{
          "value" : "The client is sucking effectively"
        }]
      }]
    }]
  }
}