{
  "resourceType" : "ValueSet",
  "id" : "consultation-type",
  "text" : {
    "status" : "extensions",
    "div" : "<div xmlns=\"http://www.w3.org/1999/xhtml\"><ul><li>Include these codes as defined in <a href=\"CodeSystem-emcare-custom-codes.html\"><code>https://fhir.dk.swisstph-mis.ch/matchbox/fhir/CodeSystem/emcare-custom-codes</code></a><table class=\"none\"><tr><td style=\"white-space:nowrap\"><b>Code</b></td><td><b>Display</b></td><td><b>Definition</b></td></tr><tr><td><a href=\"CodeSystem-emcare-custom-codes.html#emcare-custom-codes-EmCare.46B3.46DE07\">EmCare.B3.DE07</a></td><td>Initial visit</td><td>The client's visit is for a new consultation</td></tr><tr><td><a href=\"CodeSystem-emcare-custom-codes.html#emcare-custom-codes-EmCare.46B3.46DE08\">EmCare.B3.DE08</a></td><td>Follow Up</td><td>The client's visit is for a follow up consultation</td></tr></table></li></ul></div>"
  },
  "url" : "https://fhir.dk.swisstph-mis.ch/matchbox/fhir/ValueSet/consultation-type",
  "version" : "0.1.0",
  "name" : "valueset-consultation-type",
  "status" : "draft",
  "experimental" : false,
  "date" : "2023-04-11T17:43:01+00:00",
  "publisher" : "World Health Organization (WHO)",
  "contact" : [{
    "telecom" : [{
      "system" : "url",
      "value" : "https://www.who.int"
    }]
  }],
  "description" : "Codes representing possible values for the Provide an estimated age or estimated date of birth element",
  "jurisdiction" : [{
    "coding" : [{
      "system" : "http://unstats.un.org/unsd/methods/m49/m49.htm",
      "code" : "001"
    }]
  }],
  "immutable" : true,
  "compose" : {
    "include" : [{
      "system" : "https://fhir.dk.swisstph-mis.ch/matchbox/fhir/CodeSystem/emcare-custom-codes",
      "concept" : [{
        "code" : "EmCare.B3.DE07",
        "display" : "Initial visit",
        "designation" : [{
          "value" : "The client's visit is for a new consultation"
        }]
      },
      {
        "code" : "EmCare.B3.DE08",
        "display" : "Follow Up",
        "designation" : [{
          "value" : "The client's visit is for a follow up consultation"
        }]
      }]
    }]
  }
}