{
  "resourceType" : "ValueSet",
  "id" : "underweight",
  "text" : {
    "status" : "extensions",
    "div" : "<div xmlns=\"http://www.w3.org/1999/xhtml\"><ul><li>Include these codes as defined in <a href=\"CodeSystem-emcare-custom-codes.html\"><code>https://fhir.dk.swisstph-mis.ch/matchbox/fhir/CodeSystem/emcare-custom-codes</code></a><table class=\"none\"><tr><td style=\"white-space:nowrap\"><b>Code</b></td><td><b>Display</b></td><td><b>Definition</b></td></tr><tr><td><a href=\"CodeSystem-emcare-custom-codes.html#emcare-custom-codes-EmCare.46B6.46DE19\">EmCare.B6.DE19</a></td><td>Does not appear to be Underweight</td><td>The client is visually assessed for whether underweight by the health care worker and does not appear to be underweight (estimated weight based on height or age would be equivalent to WHZ= 0 / WAZ= 0)</td></tr><tr><td><a href=\"CodeSystem-emcare-custom-codes.html#emcare-custom-codes-EmCare.46B6.46DE20\">EmCare.B6.DE20</a></td><td>Appears to be Underweight</td><td>The client is visually assessed for whether underweight by the health care worker and appears to be underweight (as an aide for dosing calculations) (estimated weight based on height or age would be equivalent to WHZ= -1 / WAZ= -1)</td></tr><tr><td><a href=\"CodeSystem-emcare-custom-codes.html#emcare-custom-codes-EmCare.46B6.46DE21\">EmCare.B6.DE21</a></td><td>Appears to be Severely Underweight</td><td>The client is visually assessed for whether underweight and appears to be severely underweight (as an aide for dosing calculations) (estimated weight based on height or age would be equivalent to WHZ= -2 / WAZ= -2)</td></tr></table></li></ul></div>"
  },
  "url" : "https://fhir.dk.swisstph-mis.ch/matchbox/fhir/ValueSet/underweight",
  "version" : "0.1.0",
  "name" : "valueset-underweight",
  "status" : "draft",
  "experimental" : false,
  "date" : "2023-04-11T17:43:16+00:00",
  "publisher" : "World Health Organization (WHO)",
  "contact" : [{
    "telecom" : [{
      "system" : "url",
      "value" : "https://www.who.int"
    }]
  }],
  "description" : "Codes representing possible values for the Provide an estimated age or estimated date of birth element",
  "jurisdiction" : [{
    "coding" : [{
      "system" : "http://unstats.un.org/unsd/methods/m49/m49.htm",
      "code" : "001"
    }]
  }],
  "immutable" : true,
  "compose" : {
    "include" : [{
      "system" : "https://fhir.dk.swisstph-mis.ch/matchbox/fhir/CodeSystem/emcare-custom-codes",
      "concept" : [{
        "code" : "EmCare.B6.DE19",
        "display" : "Does not appear to be Underweight",
        "designation" : [{
          "value" : "The client is visually assessed for whether underweight by the health care worker and does not appear to be underweight (estimated weight based on height or age would be equivalent to WHZ= 0 / WAZ= 0)"
        }]
      },
      {
        "code" : "EmCare.B6.DE20",
        "display" : "Appears to be Underweight",
        "designation" : [{
          "value" : "The client is visually assessed for whether underweight by the health care worker and appears to be underweight (as an aide for dosing calculations) (estimated weight based on height or age would be equivalent to WHZ= -1 / WAZ= -1)"
        }]
      },
      {
        "code" : "EmCare.B6.DE21",
        "display" : "Appears to be Severely Underweight",
        "designation" : [{
          "value" : "The client is visually assessed for whether underweight and appears to be severely underweight (as an aide for dosing calculations) (estimated weight based on height or age would be equivalent to WHZ= -2 / WAZ= -2)"
        }]
      }]
    }]
  }
}